isVentNatOvernight,TopMax,absorption,thickness_internal,thickness_external1,thickness_external2,ceiling,windows,gp,Ug,Uf,tau_e,tau_v,rho1_v,rho1_e,regulation
0.0,22.626177,0.31977406,0.10393817,0.16090761,0.16987608,0.18774146,8.125452,0.50750345,1.1445587,1.5379461,0.013528638,0.09592892,0.59006196,0.78249776,1.0
0.0,22.380123,0.32576522,0.10822181,0.14176182,0.18937565,0.19215703,8.152033,0.5101101,0.90167576,1.3833814,0.011881724,0.19165172,0.7898897,0.53373265,1.0
0.0,22.656513,0.31516933,0.09768916,0.1836625,0.16622443,0.17735294,8.062203,0.5068121,1.131105,1.4085199,0.009624489,0.047484543,0.5631313,0.5250435,0.0
1.0,22.599264,0.33878762,0.12915346,0.17347237,0.18073338,0.18808444,8.1464815,0.51013577,1.0910702,1.5744613,0.01925613,0.06882822,0.6022058,0.53186184,1.0
1.0,22.884703,0.3434402,0.1133617,0.1818232,0.18438587,0.19898891,8.16755,0.51015157,1.0887241,1.4615884,0.019729465,0.092167296,0.69586724,0.54277587,1.0
1.0,22.729158,0.33792412,0.11276521,0.16070242,0.1879636,0.1975919,8.128005,0.51048374,0.9578702,1.4992957,0.015977457,0.14212553,0.7639276,0.53884184,1.0
1.0,22.794914,0.3461166,0.14115791,0.16892903,0.18136877,0.21285039,8.179559,0.5096955,1.1087618,1.4987974,0.013809651,0.10006849,0.6651658,0.53493917,1.0
1.0,22.863056,0.32949257,0.1470031,0.16342677,0.2047746,0.19443588,8.174753,0.5100253,1.0537391,1.4332783,0.015366368,0.14246206,0.7327932,0.53128743,1.0
0.0,22.498539,0.32260457,0.11204208,0.17381138,0.18245664,0.1829097,8.1427145,0.51106787,1.1087377,1.581085,0.018225826,0.053344656,0.5711862,0.5308508,1.0
0.0,23.357363,0.3267302,0.16715999,0.17668697,0.17962398,0.19503231,8.149509,0.5097008,1.0894679,1.3069652,0.016612448,0.09336424,0.646672,0.54321957,1.0
0.0,22.333447,0.3124501,0.09662092,0.19194357,0.16868475,0.18496202,8.1187725,0.50445247,1.1606588,1.6022946,0.007335253,0.0139541775,0.61946976,0.53570384,0.0
0.0,22.821054,0.32963377,0.12660362,0.17797431,0.18254666,0.18684518,8.156763,0.5090531,1.0988908,1.4353255,0.0151307285,0.078280024,0.61596584,0.5334179,1.0
0.0,22.882856,0.33842602,0.0927105,0.18662304,0.16350517,0.18680915,8.076474,0.5085188,1.1284251,1.251134,0.00928124,0.043891568,0.56656086,0.5262557,0.0
1.0,22.58855,0.32907107,0.16958918,0.17841697,0.17926794,0.200825,8.168745,0.5107694,1.0946457,1.4424568,0.016514964,0.09040997,0.6903128,0.5435096,1.0
1.0,22.43013,0.3392798,0.10562354,0.14101858,0.2998076,0.17655717,8.088459,0.50647575,0.9139652,1.4305577,0.007588595,0.19508466,0.76105785,0.5332711,1.0
1.0,22.795639,0.32658228,0.11908345,0.17287137,0.17968364,0.19897185,8.181446,0.5110746,1.0443065,1.4304497,0.019265115,0.11203667,0.74005115,0.547468,1.0
0.0,23.676092,0.31018984,0.10888469,0.19056185,0.17019737,0.2970146,8.000456,0.5017525,1.1265705,1.1840731,0.0045336112,0.047065064,0.5762965,0.51633584,0.0
1.0,22.729702,0.34474775,0.11557649,0.18492436,0.1876291,0.20158973,8.155342,0.5075004,1.12628,1.4106925,0.019290462,0.09038486,0.6145999,0.5433331,1.0
1.0,22.540897,0.3287569,0.116035156,0.14268541,0.29793772,0.17897944,8.093576,0.5067289,0.92657244,1.4075663,0.013350174,0.19113636,0.75821006,0.53167504,1.0
1.0,22.463583,0.3196317,0.12293791,0.18054971,0.18257844,0.19506118,8.115275,0.51126784,1.1373354,1.3734119,0.014616966,0.10848353,0.617085,0.53688186,1.0
1.0,22.309244,0.32026172,0.09766272,0.18729457,0.16668865,0.29350293,8.0007,0.50001544,1.1514263,1.5838951,5.0775707e-05,0.02803757,0.61015916,0.5281954,0.0
0.0,22.282648,0.3064883,0.10378121,0.18728545,0.17256285,0.1695211,8.07903,0.5034039,1.1543677,1.6035969,0.01550588,0.033178374,0.66425645,0.53356653,0.0
1.0,22.388845,0.30900285,0.10794589,0.18229453,0.17825693,0.18970774,8.101208,0.51048625,1.1416135,1.4511614,0.011012785,0.103065394,0.6051001,0.5373776,0.0
0.0,22.43099,0.3131209,0.093784146,0.1878165,0.17088039,0.18794903,8.1334095,0.5042435,1.1421379,1.5300794,0.009712279,0.047258433,0.5966289,0.53495765,0.0
0.0,22.434525,0.31676486,0.09710372,0.1847468,0.16842097,0.18440771,8.101526,0.50597584,1.1485599,1.5856704,0.010144241,0.040099055,0.59154874,0.5263929,0.0
0.0,22.550629,0.31510067,0.094945595,0.1869051,0.17112339,0.18089603,8.108687,0.5054891,1.1238822,1.4765,0.010025285,0.069974154,0.5723737,0.53596234,0.0
1.0,22.867964,0.31495136,0.111311495,0.18535891,0.1690522,0.28249428,8.019607,0.5064697,1.1213379,1.2623993,0.010729618,0.0708348,0.59308517,0.5255756,0.0
1.0,22.901245,0.34127834,0.112572655,0.17963666,0.18453364,0.20148464,8.170025,0.51103985,1.0811601,1.4654369,0.019807018,0.09660645,0.71458197,0.5438343,1.0
1.0,22.774529,0.32665983,0.12135577,0.17711309,0.18330915,0.19783671,8.183366,0.5121251,1.0680053,1.4457369,0.018209465,0.10183924,0.72741246,0.544007,1.0
1.0,22.404278,0.31580406,0.100693434,0.18210436,0.17432785,0.19261841,8.106678,0.5071038,1.1310327,1.439679,0.01489751,0.092994414,0.5866779,0.5334737,0.0
1.0,22.398418,0.31635413,0.099433854,0.18225732,0.17312095,0.19276163,8.108378,0.50633514,1.1287732,1.4494071,0.013408579,0.089543365,0.5834713,0.53369164,0.0
0.0,23.299942,0.312366,0.110423714,0.18979675,0.16909225,0.29472694,8.000795,0.50177425,1.1308609,1.2381992,0.004932463,0.047388878,0.5801937,0.51940197,0.0
1.0,22.763481,0.33630642,0.18954504,0.17720814,0.18178913,0.19737747,8.164895,0.50888264,1.1073438,1.467701,0.024787523,0.0818179,0.66832113,0.54717433,1.0
0.0,22.415775,0.31570986,0.09480801,0.18915178,0.17080715,0.18555923,8.119379,0.5047477,1.1462414,1.5326583,0.011140846,0.037514094,0.58840305,0.5297285,0.0
0.0,22.545404,0.31707996,0.097890876,0.18430464,0.16955552,0.18897386,8.10621,0.50468963,1.1229526,1.4912372,0.00971216,0.07151803,0.56673735,0.5316151,0.0
1.0,22.808725,0.34429574,0.14379832,0.168938,0.1803806,0.21334901,8.170773,0.5097615,1.1083643,1.4918829,0.014333047,0.10278064,0.66886955,0.5360353,1.0
0.0,23.355127,0.333243,0.114295244,0.18220565,0.18007427,0.19153136,8.160097,0.5089646,1.1061131,1.2297784,0.017025612,0.0871097,0.6211429,0.542003,1.0
1.0,23.126717,0.33027837,0.16550988,0.17705195,0.18015552,0.19105086,8.161602,0.5102029,1.1011065,1.394351,0.015495688,0.0858042,0.6437099,0.5454705,1.0
1.0,22.354813,0.31624678,0.096040666,0.18159474,0.17719737,0.1904703,8.129126,0.5047719,1.1353219,1.5099912,0.007886976,0.07686057,0.5773103,0.5243637,0.0
1.0,22.691362,0.34794626,0.119006105,0.18418019,0.18736704,0.20168823,8.146142,0.50761944,1.1220614,1.393868,0.019426078,0.09483042,0.6171663,0.5452417,1.0
0.0,22.483583,0.31089997,0.09490545,0.1856789,0.17218424,0.18812929,8.127347,0.50464267,1.1405345,1.5391023,0.008520395,0.049275566,0.60277504,0.5370314,0.0
0.0,24.231733,0.32779148,0.1214917,0.18069255,0.17342612,0.2283039,8.137849,0.50863343,1.1193787,1.0626725,0.015756004,0.10393675,0.6463429,0.5408131,1.0
0.0,22.42352,0.32242516,0.10821628,0.14093608,0.27724183,0.1994395,8.156085,0.5056878,0.9031114,1.4007658,0.008805878,0.19526093,0.7845084,0.54503596,1.0
1.0,22.55076,0.33058554,0.12036092,0.1735715,0.18113805,0.18511021,8.151343,0.51070863,1.1013515,1.5812728,0.01813697,0.061675306,0.5875066,0.5318567,1.0
0.0,22.479408,0.3097709,0.09649909,0.18600442,0.1683518,0.18278518,8.106248,0.5043739,1.1381339,1.538736,0.010089882,0.05286602,0.6191288,0.53489363,0.0
1.0,22.703035,0.33056504,0.1016957,0.17900059,0.17436256,0.19107538,8.123408,0.50776196,1.1158094,1.5268462,0.013668813,0.08727228,0.69962,0.5371493,1.0
1.0,22.875591,0.33563596,0.11500949,0.16395272,0.17948976,0.2053987,8.1459465,0.50869507,0.9775572,1.4816009,0.018704757,0.13526084,0.76030934,0.54338485,1.0
1.0,22.777662,0.33881694,0.1159796,0.1607659,0.17852819,0.2016944,8.16455,0.5090228,0.9688835,1.4078685,0.0201485,0.14112727,0.7561389,0.5417626,1.0
0.0,22.544426,0.3362441,0.11296744,0.16162975,0.18427625,0.1935671,8.129878,0.5093145,0.98224366,1.5318574,0.017937876,0.13695085,0.761441,0.53627145,1.0
1.0,22.832966,0.32829225,0.11718865,0.17398171,0.18152052,0.20017868,8.181328,0.51125854,1.0480705,1.4418112,0.019725934,0.10902871,0.73916614,0.5470127,1.0
0.0,22.91902,0.33877465,0.097537786,0.18510818,0.16641386,0.18767986,8.111483,0.508747,1.1212895,1.267179,0.013127081,0.056453515,0.5874831,0.53272855,0.0
0.0,22.458195,0.3109217,0.09496588,0.1862644,0.17241034,0.18882029,8.128648,0.5046057,1.143995,1.5478383,0.008684561,0.04412002,0.6076129,0.5365169,0.0
0.0,22.339455,0.31085685,0.10084377,0.18558031,0.17403752,0.17833036,8.087236,0.5047107,1.1300005,1.5729043,0.0125608,0.050020933,0.67368615,0.53460896,0.0
1.0,22.447659,0.3133866,0.10738582,0.18200764,0.17689267,0.26036546,8.038917,0.50684035,1.1167834,1.3777531,0.019663855,0.08152919,0.6176925,0.53764,1.0
0.0,22.35908,0.34025246,0.09084415,0.14062922,0.29998645,0.18151861,8.083043,0.50531954,0.931687,1.5233634,0.005748756,0.19474988,0.71599144,0.6047214,1.0
0.0,22.68318,0.3160781,0.0968162,0.146718,0.28097454,0.18521538,8.131561,0.507049,1.124048,1.4877311,0.017112441,0.16371016,0.63595086,0.7915654,1.0
0.0,22.357794,0.3136945,0.092986345,0.17945209,0.17577408,0.17770194,8.09163,0.50493187,1.1353998,1.563911,0.00904125,0.06624906,0.6824964,0.52488387,0.0
1.0,22.907486,0.34670246,0.1048144,0.18139987,0.18112601,0.19694857,8.137721,0.51000607,1.1020933,1.4918988,0.020099185,0.092360795,0.69036376,0.5390424,1.0
1.0,22.597769,0.33841473,0.1293638,0.17349355,0.1809228,0.18793088,8.147438,0.51005423,1.0915406,1.574081,0.019130059,0.06870906,0.60210437,0.53195703,1.0
1.0,22.760178,0.341187,0.122043066,0.15153891,0.17898612,0.20058799,8.158226,0.50975794,0.9365977,1.4024116,0.017478257,0.16557871,0.7617657,0.54126066,1.0
0.0,23.752464,0.3313697,0.14551279,0.17728907,0.17757875,0.20505926,8.135414,0.50808984,1.0940695,1.1898335,0.015082747,0.097520515,0.6459406,0.53425187,1.0
1.0,22.781923,0.33674717,0.114411846,0.15636618,0.18489444,0.20077997,8.127692,0.510489,0.9344749,1.4794708,0.019176744,0.15270786,0.772859,0.5347857,1.0
1.0,22.510654,0.3168756,0.09780304,0.183563,0.17133191,0.19246665,8.110604,0.5058291,1.1298761,1.4638908,0.013475284,0.08652378,0.5783438,0.53433317,0.0
0.0,22.476929,0.32521084,0.10929518,0.1731051,0.17637223,0.18809511,8.109407,0.50659513,1.1009077,1.5686994,0.011592992,0.09708493,0.7310346,0.53549206,0.0
1.0,22.859915,0.32785502,0.13599007,0.1589245,0.22963364,0.20364591,8.130154,0.5090319,1.072965,1.4458288,0.017592348,0.14757404,0.71093,0.5313039,1.0
0.0,22.61295,0.31549165,0.09833376,0.18544784,0.16881582,0.1860471,8.091903,0.506354,1.133459,1.485195,0.012312315,0.07225067,0.5970709,0.5340112,0.0
1.0,22.612635,0.319975,0.10193078,0.18457086,0.17123127,0.19396922,8.121993,0.50568336,1.1302006,1.4519203,0.01365535,0.085096635,0.5777241,0.53530264,0.0
1.0,22.68594,0.31812885,0.10024073,0.18520236,0.17587574,0.18913172,8.087788,0.5072925,1.1298659,1.5069668,0.009124838,0.072067656,0.6212147,0.5303816,0.0
1.0,22.68315,0.34186476,0.1716238,0.17650604,0.18217081,0.19107187,8.143623,0.50912386,1.1141796,1.5390903,0.019522153,0.0759328,0.63906753,0.5444236,1.0
0.0,23.728645,0.33047462,0.14395186,0.17728579,0.17756243,0.2039696,8.138883,0.50782686,1.0935029,1.1969786,0.015295863,0.096509896,0.6455191,0.533926,1.0
0.0,22.440603,0.31633455,0.09456963,0.1886578,0.17058875,0.18458168,8.122419,0.50480247,1.1417744,1.5207574,0.010867111,0.042863335,0.5846912,0.53044045,0.0
1.0,22.896616,0.33469862,0.11449556,0.1699106,0.18124783,0.20403562,8.156793,0.5100716,1.0159088,1.4562252,0.019709773,0.120007955,0.7492981,0.54947746,1.0
0.0,22.73924,0.31457156,0.1078069,0.14888385,0.2017002,0.17970087,8.106691,0.5057473,1.1632596,1.495162,0.012974232,0.13677327,0.59244525,0.7998856,1.0
0.0,22.501318,0.31071422,0.094970845,0.18719548,0.16510299,0.18447813,8.078087,0.5045881,1.1443958,1.527122,0.010048315,0.058119625,0.6232563,0.5307333,0.0
0.0,22.45815,0.32026368,0.09566817,0.18452737,0.16833942,0.17853335,8.081549,0.5055339,1.1282444,1.5612473,0.009324841,0.0502518,0.59014606,0.52755076,0.0
0.0,22.592766,0.3360641,0.11235872,0.16536677,0.18229488,0.19462618,8.133673,0.5100635,1.0164014,1.5370276,0.018566817,0.1284778,0.7558527,0.53835887,1.0
1.0,22.494259,0.58956873,0.103907,0.17535536,0.17700878,0.23583403,8.124957,0.5006175,1.1179771,1.3720212,0.0021555945,0.07449178,0.59658766,0.5265211,1.0
1.0,22.763456,0.34357148,0.16828656,0.17800716,0.18088685,0.22505005,8.163074,0.50910014,1.1015412,1.3250865,0.02009052,0.08805159,0.65724766,0.54024446,1.0
0.0,23.124031,0.32990286,0.1136162,0.1811009,0.17932583,0.19199987,8.149065,0.5098442,1.1023375,1.3050303,0.016942501,0.08179628,0.6172503,0.5395136,1.0
0.0,22.432833,0.31905597,0.09760024,0.18427595,0.16712086,0.18336499,8.091186,0.504945,1.1327127,1.5405056,0.009355076,0.058522522,0.5808162,0.52989334,0.0
0.0,22.443752,0.32379332,0.10725126,0.17349857,0.17720737,0.18641394,8.103726,0.5064686,1.1075958,1.575796,0.010917529,0.09347817,0.7280419,0.5308604,0.0
1.0,22.694918,0.3435597,0.124807656,0.16958402,0.18037404,0.2065124,8.163214,0.50917035,1.1031514,1.5338781,0.014843702,0.089306675,0.6296935,0.536784,1.0
0.0,22.445017,0.31253988,0.094333455,0.18695886,0.17149302,0.1876666,8.125431,0.5045356,1.1416965,1.5334185,0.009431653,0.047699813,0.5989648,0.5342264,0.0
1.0,22.474112,0.3146416,0.103758045,0.18744582,0.1723562,0.29550144,8.000247,0.5000265,1.1443208,1.4999678,0.00022679567,0.029982783,0.59175646,0.5248976,0.0
1.0,22.742939,0.33721107,0.10840278,0.16120031,0.19453806,0.20952083,8.153812,0.50816804,1.1281893,1.4881845,0.014624216,0.10890951,0.6372217,0.6168984,1.0
1.0,22.799553,0.34372368,0.11924813,0.16139735,0.1959861,0.21641505,8.15561,0.50927335,1.1293359,1.4595267,0.015067488,0.119396426,0.67405987,0.55263335,1.0
0.0,22.693947,0.3301438,0.12714867,0.17750084,0.18129459,0.18419498,8.152289,0.50862646,1.1004477,1.475844,0.0152058825,0.07443967,0.61155987,0.5317471,1.0
0.0,22.48535,0.31291547,0.09360586,0.18626761,0.1707694,0.18724708,8.130437,0.5044782,1.13529,1.5143403,0.009498633,0.05842753,0.5894048,0.53443617,0.0
1.0,22.301247,0.31251198,0.09662145,0.18324411,0.17688899,0.1891611,8.104853,0.50660896,1.1428944,1.5545733,0.0038022995,0.08155242,0.5963277,0.5294073,0.0
1.0,22.651424,0.33817452,0.11373741,0.18361965,0.18207511,0.20188962,8.131445,0.50843245,1.1299602,1.3915473,0.01463525,0.095242426,0.59655184,0.5350581,1.0
1.0,23.759365,0.3277785,0.105930574,0.18259373,0.17723994,0.28469497,8.123264,0.509938,1.1185107,1.136475,0.013015822,0.09636686,0.61053526,0.5313882,1.0
0.0,24.34956,0.31890905,0.09538885,0.18770286,0.17400616,0.29838684,8.024436,0.50640696,1.1223382,1.05052,0.012519404,0.08144103,0.6056093,0.5264386,0.0
0.0,24.218557,0.32312015,0.11484583,0.18211739,0.171797,0.22071928,8.139959,0.50925,1.1133013,1.0642035,0.016526729,0.09912923,0.64434737,0.5354348,1.0
0.0,22.496843,0.31527707,0.0993277,0.18447968,0.16734277,0.18729965,8.090689,0.5047594,1.1253848,1.524101,0.008747175,0.061369415,0.5730145,0.52928734,0.0
0.0,22.460417,0.3151189,0.0959165,0.18087201,0.17550462,0.18091103,8.084258,0.5058912,1.1358843,1.5632143,0.008941352,0.06716198,0.66712445,0.52940047,0.0
0.0,22.469326,0.31439835,0.09531539,0.18676615,0.17020763,0.1866059,8.109362,0.50452423,1.1377064,1.51668,0.009826131,0.05285501,0.5781451,0.5309023,0.0
0.0,23.682981,0.33200634,0.14239684,0.17913574,0.18129224,0.23976319,8.1479025,0.5089184,1.1019428,1.156334,0.013918385,0.10645451,0.6223637,0.54158926,1.0
1.0,22.735418,0.34312978,0.17557901,0.1764335,0.1823592,0.1956569,8.148128,0.5076531,1.1119827,1.5270836,0.01906053,0.08063566,0.6521181,0.5472652,1.0
1.0,22.716286,0.33614868,0.14064518,0.14974147,0.24160993,0.18763618,8.132961,0.5095237,0.9567535,1.3846775,0.017768241,0.17515661,0.7552427,0.52742827,1.0
0.0,22.4734,0.32016513,0.09140289,0.14151819,0.29984197,0.17364097,8.10074,0.50780815,1.0180657,1.5390091,0.012062371,0.18887134,0.66002417,0.78952277,1.0
1.0,22.485048,0.32830605,0.12260847,0.1804952,0.18355134,0.19817714,8.114871,0.51023465,1.1312551,1.3605498,0.016072653,0.106455326,0.61796147,0.53487206,1.0
1.0,22.684431,0.3379779,0.107963815,0.14906023,0.28373295,0.20128244,8.109407,0.50977176,1.0769145,1.461408,0.016025782,0.16497584,0.69388574,0.53812873,1.0
0.0,24.224676,0.3227201,0.113995194,0.18230487,0.17149086,0.22054386,8.138138,0.50942874,1.113392,1.0625407,0.016627684,0.098867305,0.6445518,0.5352917,1.0
1.0,22.960491,0.3405249,0.17849407,0.17796844,0.17698914,0.21832533,8.131479,0.50969625,1.1083643,1.3185242,0.017522253,0.08907291,0.64687353,0.54323137,1.0
1.0,22.8142,0.34607187,0.1817958,0.17745632,0.17799865,0.20566773,8.135628,0.5081843,1.0984169,1.4945724,0.021015227,0.09275081,0.68688744,0.53777677,1.0
1.0,22.802294,0.34329322,0.11994995,0.16151658,0.19542915,0.21646336,8.155509,0.509212,1.1287891,1.4587339,0.015064016,0.11970252,0.6749729,0.5521231,1.0
1.0,22.575022,0.32764763,0.13688904,0.17626663,0.17945352,0.18425623,8.149221,0.5074209,1.1049548,1.5283649,0.012814321,0.06764996,0.60478663,0.5314591,1.0
0.0,22.43114,0.3191756,0.0998051,0.18388472,0.16678312,0.18867117,8.1020565,0.5047097,1.1316096,1.5088749,0.009621181,0.0693485,0.5717623,0.53206235,0.0
1.0,22.874594,0.3383396,0.11380534,0.17966478,0.18649283,0.19955508,8.172531,0.51187235,1.0803823,1.4612632,0.019584842,0.096122116,0.71422154,0.54243225,1.0
0.0,22.359177,0.32829735,0.10468224,0.17097029,0.17637178,0.18814158,8.120939,0.5093829,1.0936489,1.6002594,0.013814829,0.042351764,0.54871315,0.55147344,1.0
0.0,22.433922,0.31850293,0.09886534,0.18393071,0.16728437,0.18659039,8.090104,0.504764,1.1266985,1.5151734,0.008697815,0.06803663,0.5701396,0.53419465,0.0
1.0,22.80133,0.3257222,0.105764225,0.18528211,0.18075329,0.19429675,8.132026,0.50870603,1.1198294,1.4770756,0.012971245,0.079454355,0.62502193,0.53525543,1.0
0.0,22.411396,0.3144374,0.10107544,0.18590176,0.16617626,0.19085664,8.08298,0.50503975,1.1396488,1.5703561,0.009163253,0.04075086,0.58632934,0.5272478,0.0
1.0,22.712847,0.3228199,0.12825869,0.17366654,0.18142942,0.19656178,8.155289,0.5089579,1.0591033,1.4129765,0.019096851,0.110089555,0.73345876,0.54881656,1.0
1.0,22.443163,0.3223111,0.102228224,0.18296005,0.17284018,0.19229996,8.103252,0.5069842,1.1263582,1.4248692,0.015153274,0.09304567,0.5897665,0.53238255,0.0
0.0,22.462528,0.3197207,0.095773414,0.1849191,0.1678137,0.17728522,8.082803,0.5055122,1.1295009,1.5717568,0.009041943,0.045031574,0.5958049,0.52973765,0.0
1.0,22.763903,0.3205568,0.103722125,0.18520693,0.1826722,0.19591622,8.119588,0.5085019,1.1353586,1.4685069,0.012950584,0.07949094,0.61081505,0.538756,1.0
0.0,22.458937,0.312684,0.09396513,0.18672207,0.1712533,0.18779083,8.12875,0.50448066,1.1396294,1.526567,0.009513751,0.0515015,0.5954111,0.53408754,0.0
0.0,24.225574,0.32347205,0.10052402,0.18710023,0.16931207,0.20288298,8.104345,0.512934,1.1070402,1.0426648,0.020634629,0.09556235,0.6168773,0.5358487,1.0
1.0,22.78345,0.33994263,0.11924167,0.15889092,0.17885296,0.20143072,8.163816,0.50934994,0.96856344,1.4088852,0.01930257,0.14581521,0.75451833,0.5458012,1.0
1.0,22.397156,0.3147048,0.10094475,0.181721,0.17581311,0.1925303,8.105032,0.50783634,1.1320167,1.4451985,0.014688522,0.09365623,0.58736426,0.5317642,0.0
1.0,22.502275,0.33340096,0.1456168,0.17694502,0.17989144,0.21295497,8.160074,0.51003706,1.0863353,1.3765831,0.021356232,0.09187998,0.6712426,0.53892154,1.0
0.0,24.170355,0.32399088,0.10523713,0.18250106,0.18271086,0.2846912,8.090092,0.5104152,1.106242,1.0720236,0.013393611,0.10728709,0.6125439,0.5346307,1.0
1.0,22.603937,0.3248782,0.11455671,0.14366658,0.29682317,0.18102917,8.100011,0.50748396,0.9400637,1.4103341,0.016586326,0.1889485,0.7533457,0.5331858,1.0
1.0,22.713945,0.31257173,0.10448737,0.18791473,0.17018627,0.29275066,8.00059,0.500451,1.1394573,1.3832114,0.0032095015,0.04116012,0.58639705,0.5228319,0.0
1.0,22.810335,0.3321346,0.16512932,0.17707048,0.18202382,0.18682513,8.166224,0.5104373,1.1017604,1.4605868,0.015000351,0.08223642,0.6353586,0.5443652,1.0
1.0,22.679552,0.34032908,0.18675622,0.1770722,0.17917685,0.20015095,8.173482,0.5089526,1.097772,1.4713252,0.018398471,0.08493672,0.6758249,0.5434941,1.0
1.0,22.752253,0.34029222,0.14430323,0.1520599,0.2426187,0.1861331,8.128915,0.5090733,0.9784797,1.3939091,0.017854087,0.16988681,0.749007,0.52785784,1.0
1.0,22.75412,0.31305075,0.10628704,0.18773788,0.16806865,0.28979033,8.0014515,0.5013214,1.1361018,1.348457,0.0058691874,0.048841435,0.58548915,0.5238199,0.0
0.0,22.400362,0.31422743,0.09472893,0.19011135,0.1728815,0.18296714,8.107498,0.50471705,1.1476727,1.5263145,0.010607801,0.037130557,0.5884302,0.53149587,0.0
0.0,22.438776,0.32071382,0.099157974,0.18448205,0.16610324,0.18222398,8.088958,0.50510454,1.1358387,1.5435572,0.009632841,0.055498015,0.582971,0.5292405,0.0
1.0,22.597336,0.3249613,0.10435687,0.18323275,0.17456952,0.19620842,8.117669,0.50619423,1.1333804,1.4343946,0.014720745,0.0901125,0.58383465,0.53547925,0.0
0.0,22.385439,0.3186713,0.099881746,0.18761489,0.16814291,0.19367404,8.103241,0.5050557,1.1527301,1.5791891,0.010730356,0.028634794,0.5992192,0.5266204,0.0
1.0,22.843643,0.3385526,0.1605206,0.17206685,0.17696096,0.21152967,8.143478,0.50929934,1.1032484,1.4882817,0.016151063,0.10699785,0.682741,0.5345363,1.0
1.0,22.708916,0.34686697,0.1188183,0.18456532,0.18798736,0.20092171,8.145805,0.5074404,1.1217843,1.4007294,0.020478427,0.093103886,0.61798596,0.5455579,1.0
0.0,24.486874,0.31126472,0.12410152,0.18705693,0.17657952,0.2750952,8.065053,0.5135036,1.0917418,1.0023246,0.010248624,0.12864211,0.60952926,0.53473157,1.0
0.0,22.567816,0.31843212,0.102621704,0.16076511,0.1685592,0.18366066,8.119832,0.50661826,1.1413002,1.5534554,0.013882808,0.0910018,0.57916147,0.78724897,1.0
1.0,22.398468,0.31538627,0.09992461,0.18188822,0.1745706,0.19288385,8.109541,0.5074519,1.1316348,1.4472115,0.014442369,0.09223681,0.5862355,0.5327768,0.0
1.0,22.791002,0.34388176,0.17497206,0.17595267,0.18136434,0.20225023,8.144079,0.5072235,1.1051707,1.5195924,0.0182252,0.0843771,0.66623914,0.54288226,1.0
0.0,22.315105,0.30924425,0.104457766,0.18802728,0.1755639,0.17389841,8.108847,0.50362563,1.1663604,1.600168,0.01950223,0.022059448,0.6800789,0.5351448,0.0
1.0,22.946886,0.34155363,0.106568106,0.17539579,0.18091609,0.19833502,8.125296,0.51044804,1.0638663,1.5043101,0.02270531,0.10918305,0.72938734,0.5422936,1.0
0.0,22.478367,0.31644958,0.09676569,0.18028119,0.17532273,0.18144691,8.089451,0.50591946,1.1353469,1.5596813,0.008906402,0.070030145,0.67424333,0.5328179,0.0
1.0,22.807072,0.335662,0.11597699,0.16481994,0.18079054,0.20065095,8.164831,0.50953686,0.99110645,1.4173217,0.019626342,0.13153991,0.75220424,0.54570067,1.0
0.0,22.463871,0.30842116,0.09569102,0.18702339,0.16602567,0.18156207,8.079899,0.50450414,1.1449622,1.542518,0.010858633,0.05373271,0.6259373,0.5324911,0.0
1.0,22.674417,0.33581376,0.1134325,0.14717643,0.17376766,0.19877419,8.144481,0.50856066,0.9154623,1.4101659,0.016219445,0.1763763,0.77276117,0.5358302,1.0
1.0,22.361944,0.31127405,0.10328775,0.1819393,0.17785494,0.18971059,8.111071,0.5088884,1.1345575,1.4769264,0.009699181,0.09533625,0.59064233,0.53240967,0.0
0.0,22.646103,0.31783605,0.094415724,0.18407056,0.16441652,0.17913072,8.049471,0.50618434,1.1373252,1.3892475,0.0068128556,0.035887547,0.55092484,0.52335536,0.0
1.0,22.86855,0.3420152,0.1076293,0.1749057,0.18075147,0.19799764,8.1277895,0.5101984,1.0629826,1.5136278,0.022775479,0.1092687,0.7303781,0.5398135,1.0
1.0,22.92459,0.33567658,0.113829836,0.17356306,0.18138209,0.20375618,8.159481,0.5100621,1.0448059,1.4643826,0.01835972,0.11138064,0.7406564,0.5526862,1.0
1.0,22.831945,0.3295681,0.10904102,0.18549801,0.18223877,0.19904223,8.161235,0.5090954,1.1210207,1.4601297,0.015521012,0.08195084,0.6247714,0.53926086,1.0
0.0,22.331776,0.3079688,0.10075168,0.18730079,0.16769315,0.17308009,8.078166,0.5037666,1.1440933,1.5777295,0.0105942115,0.046653684,0.64104813,0.5312853,0.0
1.0,22.76452,0.34302345,0.16388196,0.1782325,0.18099664,0.22908294,8.164842,0.5091058,1.1038153,1.3153172,0.019861825,0.08879974,0.65556514,0.53980356,1.0
1.0,22.593052,0.32513314,0.15121907,0.17683212,0.18075699,0.18391328,8.163385,0.50986177,1.105655,1.532423,0.0148867,0.07176562,0.6156849,0.5415522,1.0
0.0,22.476595,0.59918976,0.103086784,0.17888391,0.1607297,0.22808638,8.032524,0.50006825,1.1227914,1.501195,3.193319e-05,0.049579706,0.5920013,0.5208915,0.0
1.0,22.651432,0.34349054,0.1576982,0.1754358,0.18157881,0.19404495,8.145163,0.50879544,1.1094968,1.5472108,0.020955265,0.07476098,0.6303768,0.5414044,1.0
1.0,22.900513,0.3425803,0.107054,0.17556606,0.18043984,0.19833101,8.127699,0.51026565,1.0650195,1.5106497,0.02322071,0.10810609,0.72823286,0.53985465,1.0
0.0,22.410624,0.31744638,0.0996916,0.1829081,0.16906273,0.18427014,8.107087,0.5039911,1.145215,1.563729,0.004842922,0.058714878,0.58198565,0.5299492,0.0
1.0,22.732304,0.34375912,0.115949616,0.184733,0.18667519,0.20082931,8.142218,0.5081694,1.1313162,1.4002612,0.017008968,0.093678124,0.6058384,0.5445683,1.0
1.0,22.532446,0.33117637,0.16420972,0.17742985,0.18110964,0.20684199,8.161196,0.5108199,1.0881009,1.4173154,0.019437514,0.08980102,0.6797661,0.5396735,1.0
1.0,22.532812,0.31848344,0.14337379,0.17871678,0.18676805,0.19352263,8.161503,0.51023424,1.1034424,1.3766422,0.018703021,0.10102697,0.68858176,0.5480831,1.0
1.0,22.487255,0.5853356,0.10476419,0.17559372,0.17736787,0.23825336,8.113536,0.5006153,1.1190091,1.3746276,0.0022927746,0.07408365,0.5976999,0.5268525,1.0
0.0,23.421192,0.3289957,0.16915154,0.17641197,0.17859147,0.19871236,8.142704,0.5096885,1.0873268,1.275547,0.017482117,0.095014825,0.64829564,0.5419408,1.0
0.0,22.452774,0.31847394,0.09670697,0.18417929,0.16703069,0.18185712,8.083161,0.5056297,1.123246,1.5492847,0.008541554,0.057893574,0.57990175,0.52814823,0.0
0.0,22.384598,0.33282524,0.11921477,0.16156803,0.18355298,0.19300073,8.140935,0.50887895,1.0175827,1.5615184,0.015099578,0.13174735,0.7644888,0.53670996,1.0
0.0,22.587324,0.31610373,0.09816918,0.18562165,0.16962522,0.184691,8.085375,0.50537556,1.1388943,1.5238477,0.008678034,0.066441044,0.6262258,0.53110355,0.0
0.0,23.756445,0.32970086,0.121332616,0.1796949,0.17905709,0.19796947,8.165781,0.50905716,1.0995065,1.1971372,0.017816655,0.09096219,0.63518953,0.53486127,1.0
0.0,23.727568,0.32989576,0.121619016,0.17982219,0.17960015,0.19654688,8.166225,0.5093324,1.100887,1.2017317,0.017683439,0.09114321,0.63207567,0.5356911,1.0
0.0,22.33387,0.31193018,0.09697777,0.19173215,0.16996567,0.1868777,8.12617,0.50391006,1.1636612,1.6093686,0.0065883473,0.01275447,0.62374866,0.5359126,0.0
0.0,22.38994,0.31367293,0.095268056,0.1894383,0.17081028,0.18705301,8.109809,0.50472873,1.1506827,1.5477773,0.011218667,0.033333503,0.5917743,0.5288492,0.0
0.0,22.449078,0.3171038,0.09674426,0.17900369,0.17603873,0.1817272,8.091384,0.5055221,1.1360271,1.5613625,0.008562192,0.07207041,0.6843541,0.5328389,0.0
1.0,22.580221,0.3265186,0.12168135,0.17584331,0.17838281,0.18303362,8.126067,0.50664574,1.115892,1.536694,0.011796303,0.059857246,0.59007263,0.52815,0.0
1.0,22.533474,0.3128899,0.10326453,0.18572551,0.17030348,0.2875193,8.002409,0.5008709,1.1366472,1.4207736,0.0046506748,0.0493018,0.5911381,0.5247128,0.0
1.0,22.457703,0.32498538,0.11493774,0.18123163,0.1811871,0.19764023,8.110615,0.5095771,1.130869,1.3831602,0.017350957,0.103166915,0.6061653,0.53305435,1.0
1.0,22.735476,0.3430588,0.11486256,0.18497849,0.18762498,0.20099938,8.150404,0.5075193,1.1283848,1.4115015,0.018492453,0.09037364,0.6115598,0.54383355,1.0
1.0,22.869274,0.32952484,0.14146721,0.16178998,0.21284269,0.202948,8.13915,0.5090683,1.0745592,1.4460578,0.016460195,0.14201884,0.71485627,0.53092957,1.0
1.0,22.767485,0.31296104,0.105819695,0.18818347,0.16807704,0.29121146,8.000968,0.5009551,1.1369117,1.3541423,0.0049901754,0.04572932,0.58440775,0.52317023,0.0
0.0,22.61151,0.31667462,0.10977568,0.18011557,0.17097588,0.17764679,8.088445,0.50762767,1.1238649,1.4905409,0.011315957,0.05729301,0.57714474,0.5272693,0.0
1.0,22.35334,0.31038883,0.1013722,0.1820661,0.1781176,0.18958205,8.11958,0.50846905,1.1358399,1.4953598,0.007987812,0.09326447,0.59194493,0.53338003,0.0
0.0,22.466776,0.31684145,0.09769818,0.1862049,0.16808166,0.17478193,8.097753,0.50536937,1.1331009,1.6051445,0.0073108897,0.03037455,0.61269027,0.5299818,0.0
1.0,22.767475,0.32519817,0.103062026,0.1846476,0.17726849,0.18877193,8.1058035,0.5082983,1.1183004,1.4948174,0.0126203075,0.079335384,0.6327373,0.5289969,1.0
1.0,22.781399,0.34054893,0.15230456,0.17285989,0.17810595,0.2048907,8.163274,0.50973946,1.105627,1.5372639,0.016078375,0.08863785,0.6578692,0.53245175,1.0
1.0,22.804567,0.34261605,0.117410176,0.16063842,0.19806324,0.21700531,8.15586,0.5091443,1.1299137,1.4550824,0.015420385,0.121668056,0.67574155,0.5535212,1.0
1.0,22.685434,0.32636228,0.12778282,0.18058501,0.19028066,0.1943212,8.16102,0.5119029,1.0850633,1.4313514,0.01908534,0.0934113,0.7059248,0.5434877,1.0
1.0,22.471542,0.3404423,0.14640164,0.17655474,0.17770931,0.2200773,8.133453,0.5094594,1.0836195,1.3678339,0.023705922,0.090113275,0.6592454,0.53676593,1.0
1.0,23.381275,0.3269305,0.11426146,0.18091641,0.17568395,0.27100575,8.179765,0.5085717,1.1198094,1.186539,0.0126018,0.09806272,0.6156193,0.5380253,1.0
0.0,23.613066,0.33129615,0.16215442,0.17657977,0.1789456,0.20390086,8.133057,0.5096504,1.0869915,1.2188843,0.016843133,0.09766914,0.6471708,0.53666157,1.0
1.0,22.58654,0.32807517,0.14106385,0.17458627,0.18233758,0.1829443,8.176449,0.5100198,1.1064101,1.564048,0.016299464,0.06680944,0.60356414,0.5369627,1.0
1.0,22.912603,0.33656472,0.11289106,0.17643514,0.18267597,0.20346324,8.169011,0.51010805,1.0653698,1.4629369,0.01976908,0.103496015,0.7314728,0.5496268,1.0
0.0,24.191307,0.3239864,0.11449914,0.18187374,0.17177734,0.21878523,8.143844,0.5090099,1.1115526,1.0712032,0.016561292,0.09759512,0.6451783,0.5353455,1.0
1.0,22.966879,0.345281,0.10511322,0.17958364,0.1777155,0.19905254,8.136886,0.5107077,1.0935438,1.5021629,0.02047456,0.097176366,0.70822453,0.5405501,1.0
0.0,22.39678,0.31313083,0.095648125,0.1888184,0.17072502,0.18794335,8.105139,0.50459605,1.1498379,1.5474792,0.010804482,0.035738744,0.58946323,0.5289413,0.0
0.0,22.5558,0.32279158,0.09694181,0.18789211,0.16809501,0.1644239,8.061942,0.50500137,1.1421654,1.6242082,0.004344575,0.01573626,0.6247137,0.52692837,0.0
0.0,24.251404,0.32997224,0.12788159,0.18066652,0.18025522,0.2548211,8.119453,0.50872135,1.1006322,1.0468035,0.015705839,0.117667615,0.61461496,0.53451264,1.0
1.0,22.392965,0.31566086,0.10267792,0.18721175,0.16993198,0.2942199,8.000362,0.50003004,1.1426154,1.52512,0.00017438829,0.03051775,0.59683377,0.52581674,0.0
1.0,22.521927,0.3231631,0.10615517,0.16702116,0.17509536,0.18950124,8.105507,0.5093672,1.1149026,1.5895491,0.015003085,0.0766589,0.57736784,0.63868153,1.0
1.0,22.678997,0.3410526,0.17219447,0.17664737,0.18287924,0.19023272,8.144866,0.50928706,1.1150417,1.5393366,0.01994764,0.07522115,0.6389044,0.54467475,1.0
0.0,24.090588,0.3229122,0.10390237,0.1831598,0.18135028,0.28558695,8.075416,0.512121,1.1088045,1.090457,0.013708621,0.1025567,0.61127,0.52987754,1.0
1.0,22.642271,0.3200815,0.12258066,0.18031959,0.17340297,0.25932837,8.129557,0.5092763,1.1150013,1.291932,0.019942082,0.091393076,0.63217723,0.539538,1.0
1.0,22.71334,0.33433893,0.12617344,0.14651549,0.18994921,0.19950429,8.162709,0.5091247,0.92262477,1.3757946,0.015519954,0.18017943,0.76742697,0.53650206,1.0
1.0,22.591425,0.3331471,0.094246976,0.1453041,0.29529348,0.1936579,8.099303,0.5073895,1.0732355,1.4787937,0.015443474,0.17304674,0.67822886,0.6139108,1.0
1.0,22.539293,0.31255397,0.10373011,0.18501525,0.16951394,0.2823583,8.005607,0.502276,1.1339772,1.3853191,0.008552112,0.0587002,0.5946292,0.5244352,0.0
1.0,22.8667,0.33301762,0.13012516,0.16094854,0.20124152,0.21354547,8.147816,0.50876355,1.1111941,1.4464519,0.015676275,0.13356742,0.69272894,0.5436924,1.0
0.0,22.381824,0.31301796,0.096090496,0.1885674,0.17142102,0.19043931,8.102931,0.5041383,1.1531138,1.5569595,0.010441028,0.033695728,0.5907883,0.52901345,0.0
1.0,22.749706,0.3448822,0.13814345,0.17073089,0.18023176,0.20828149,8.175104,0.50980926,1.1090826,1.529357,0.015241846,0.09050752,0.6485153,0.5328163,1.0
1.0,22.889269,0.3355432,0.14408556,0.1793911,0.17740573,0.24741624,8.180901,0.5097869,1.1180123,1.2679125,0.016333915,0.093139075,0.64464444,0.54205,1.0
0.0,22.379038,0.31326443,0.0946977,0.18952899,0.17074329,0.18582185,8.123303,0.5047382,1.1453775,1.5378523,0.009607144,0.03919674,0.5981675,0.5334299,0.0
1.0,22.514019,0.33121142,0.13188967,0.18006709,0.18152808,0.19631158,8.122728,0.5110002,1.1300809,1.3376396,0.015096255,0.10947233,0.6301281,0.53724116,1.0
0.0,22.790396,0.31566018,0.10170597,0.15237808,0.20951928,0.19043738,8.150479,0.50758904,1.1503558,1.4655895,0.018663026,0.13968432,0.6231446,0.791691,1.0
1.0,22.815609,0.33600554,0.15757272,0.17211181,0.1762976,0.20482247,8.147895,0.5089207,1.093988,1.4560337,0.015184574,0.1165938,0.70943743,0.5359594,1.0
0.0,22.400492,0.33530825,0.11609936,0.14087015,0.29811698,0.18432468,8.123441,0.50528103,0.9051923,1.4078326,0.0065832585,0.1957203,0.77636313,0.5334299,1.0
1.0,22.754257,0.33030275,0.119502336,0.15160479,0.27267238,0.20079754,8.114723,0.5094908,1.0603018,1.4466176,0.017257951,0.16224001,0.7039206,0.5306516,1.0
0.0,22.372936,0.31779546,0.10231633,0.18762296,0.16812393,0.19400233,8.103836,0.5048245,1.1538827,1.5978441,0.0098666325,0.023948088,0.6065088,0.5241091,0.0
1.0,22.655851,0.33008763,0.1278507,0.18274856,0.18754616,0.19613744,8.173375,0.50998956,1.0979468,1.410593,0.020262055,0.09379926,0.6697439,0.54401445,1.0
0.0,24.48164,0.31711972,0.10334267,0.18849553,0.17426196,0.2607792,8.069467,0.51594096,1.12191,1.0034174,0.011261724,0.105899684,0.6359722,0.53083557,1.0
1.0,22.698988,0.32507843,0.108495995,0.18555619,0.17709854,0.1943554,8.124173,0.50656265,1.137462,1.4309653,0.01336474,0.084436096,0.59353495,0.5430411,1.0
1.0,23.619524,0.32126838,0.10659122,0.18470076,0.17328443,0.29046047,8.072383,0.5071582,1.1253462,1.1585783,0.0119500235,0.084308475,0.6002729,0.5273762,0.0
1.0,22.800655,0.34461048,0.12479127,0.16317248,0.19090584,0.21557765,8.156452,0.5094602,1.1260232,1.4669487,0.014486201,0.11599763,0.67360944,0.5497738,1.0
0.0,22.534231,0.315294,0.09383194,0.1865882,0.1699241,0.18201199,8.120479,0.5051091,1.1251163,1.4823589,0.009747341,0.0677784,0.5720599,0.532821,0.0
1.0,22.70353,0.34181282,0.14014864,0.17239079,0.1794419,0.20271012,8.155395,0.5097321,1.1028605,1.5512718,0.016852379,0.0848549,0.6382506,0.5316862,1.0
1.0,22.758371,0.34688005,0.13881886,0.17011346,0.18021506,0.20976725,8.180652,0.510047,1.1087513,1.521187,0.014023788,0.09291703,0.6538464,0.5321862,1.0
1.0,23.157545,0.32239175,0.10980344,0.18321991,0.17244557,0.28289866,8.12452,0.5070498,1.1212815,1.2056139,0.009904206,0.08492666,0.6035448,0.5305924,1.0
1.0,22.727034,0.3301451,0.122124895,0.18232416,0.18880185,0.19421038,8.157108,0.51131994,1.0870123,1.43497,0.020301767,0.09054413,0.68882704,0.5404316,1.0
1.0,22.629354,0.33928508,0.13613626,0.17404528,0.18005383,0.19159892,8.147942,0.5106825,1.0942194,1.5707253,0.020924218,0.0729308,0.6118802,0.5378265,1.0
0.0,23.536795,0.3294815,0.14210436,0.17690955,0.17957334,0.19716685,8.148749,0.50823617,1.0900457,1.2641019,0.01584091,0.0916553,0.64503896,0.5351225,1.0
1.0,22.530373,0.3152878,0.09630236,0.18357605,0.17182742,0.18986538,8.11256,0.5053871,1.1281322,1.4901121,0.011166088,0.08061244,0.56756675,0.53293306,0.0
0.0,22.509256,0.31113017,0.094767176,0.18515992,0.17170312,0.18743901,8.127415,0.5046896,1.1364137,1.5284003,0.008423291,0.055215757,0.5973862,0.53738105,0.0
1.0,22.872908,0.33024904,0.1484728,0.16564329,0.19527234,0.20099583,8.16038,0.50884986,1.0757147,1.44445,0.015396558,0.13513559,0.7201164,0.5324152,1.0
0.0,22.486393,0.337957,0.11898615,0.15018415,0.19212863,0.20018795,8.148902,0.5089485,0.9149948,1.5083252,0.014832631,0.16559608,0.7817455,0.5377418,1.0
0.0,24.377073,0.31527585,0.098941445,0.18665415,0.18248674,0.2954556,8.035529,0.50902367,1.1051731,1.0356548,0.0125610605,0.09897094,0.6062118,0.5323071,1.0
1.0,22.74804,0.3318283,0.16969478,0.17781964,0.18130733,0.20286098,8.127436,0.50890905,1.0857725,1.4625024,0.021706522,0.095815204,0.69959927,0.5400404,1.0
1.0,22.476366,0.31241444,0.10251105,0.18339328,0.17154148,0.27705738,8.01292,0.5037784,1.1270307,1.3712281,0.012699075,0.06756182,0.60123813,0.52257454,0.0
1.0,22.755795,0.33577433,0.11139378,0.1852204,0.18644983,0.19906491,8.135253,0.5075518,1.1359292,1.418821,0.015053257,0.0890941,0.6009843,0.54444814,1.0
0.0,22.340126,0.3258554,0.10972813,0.1679267,0.18336329,0.18391277,8.105531,0.5070538,1.0886049,1.5825131,0.012737252,0.104144,0.7496383,0.53435564,0.0
1.0,22.303059,0.31554878,0.09530118,0.18339412,0.17483556,0.18913817,8.10374,0.50477326,1.1468403,1.5870042,0.0020824596,0.07082749,0.5956486,0.52836293,0.0
0.0,22.383469,0.31807885,0.10074007,0.18884185,0.16945285,0.1916571,8.118395,0.50488764,1.1573339,1.5965039,0.009396672,0.020107597,0.611918,0.5275918,0.0
0.0,22.470789,0.3169269,0.09793139,0.18672484,0.16745973,0.17163889,8.096128,0.5053487,1.1300318,1.615545,0.0060860068,0.025048576,0.6197671,0.52935755,0.0
1.0,22.60391,0.32300806,0.1276772,0.17962538,0.17470852,0.25540844,8.130884,0.5089309,1.1126354,1.3016815,0.019586764,0.0916912,0.63537365,0.53972524,1.0
0.0,22.569593,0.32120565,0.09191513,0.14411324,0.2973086,0.1849641,8.098132,0.50753653,1.0777936,1.494281,0.017517172,0.17760615,0.66532266,0.74016696,1.0
0.0,22.752237,0.32720563,0.10568092,0.18130708,0.17065747,0.18248673,8.120971,0.50948113,1.1203657,1.4160471,0.016847827,0.0646982,0.5948288,0.5312618,0.0
1.0,22.750603,0.34100407,0.106863424,0.15455107,0.22839151,0.21402961,8.141471,0.50763226,1.128212,1.4453366,0.01538305,0.1374271,0.6709359,0.57190406,1.0
1.0,22.743408,0.33922663,0.12991494,0.14817588,0.1852184,0.1992317,8.16023,0.5084937,0.93121034,1.3807793,0.015145294,0.17546618,0.7641115,0.5374532,1.0
0.0,22.41802,0.3197016,0.09877558,0.18331116,0.16817196,0.18951182,8.104746,0.5047456,1.1312298,1.4994256,0.01002299,0.07161384,0.5726306,0.53258985,0.0
0.0,24.479582,0.31886628,0.10537866,0.18778145,0.17416617,0.26184827,8.074875,0.51501584,1.1244705,1.0038965,0.011769831,0.10751883,0.637566,0.53293484,1.0
1.0,22.801233,0.3215468,0.10510553,0.15477276,0.1976357,0.19836894,8.154199,0.5070842,1.149126,1.4546204,0.016633488,0.13064449,0.63094753,0.766993,1.0
1.0,22.740717,0.3315087,0.12330319,0.18126956,0.18822931,0.19511023,8.165985,0.5116871,1.085925,1.437555,0.018913455,0.09264559,0.7002721,0.542091,1.0
0.0,22.436485,0.31931657,0.09800689,0.18409778,0.1673732,0.1846338,8.087936,0.50486493,1.1252306,1.5254812,0.008498058,0.06384109,0.5734252,0.53259563,0.0
1.0,22.60976,0.32262382,0.11982239,0.14364272,0.25545898,0.19073337,8.145573,0.50816965,0.9163386,1.3657434,0.013517737,0.1887743,0.77137995,0.53995305,1.0
0.0,22.293518,0.3320732,0.106096506,0.16951433,0.1768847,0.18807852,8.129788,0.50675863,1.088863,1.5950377,0.00929071,0.032675974,0.53583497,0.56368715,0.0
1.0,22.353792,0.31072554,0.10171756,0.18199347,0.17831068,0.18916677,8.118668,0.5084396,1.1350898,1.4912686,0.008337915,0.093223326,0.5899681,0.53239363,0.0
0.0,22.523457,0.31629482,0.09728302,0.1829612,0.17065041,0.18654451,8.088398,0.5047226,1.1270734,1.5241331,0.0085835755,0.06603569,0.56641835,0.53058636,0.0
1.0,22.879622,0.3391136,0.17511699,0.17590295,0.17770594,0.20904218,8.124126,0.50865316,1.100354,1.5122268,0.020528428,0.09664533,0.68704575,0.5346679,1.0
1.0,22.5422,0.3280904,0.123949185,0.17352158,0.18451145,0.18244424,8.158996,0.5095235,1.1028138,1.57113,0.015572526,0.061510254,0.5887432,0.5293296,1.0
1.0,22.432817,0.32255796,0.117315136,0.18060279,0.17816935,0.24408513,8.079751,0.50795233,1.1061456,1.371419,0.020956956,0.08757339,0.63897455,0.54322684,1.0
0.0,22.428291,0.5950316,0.1016313,0.18455334,0.1590304,0.20802452,8.01241,0.5000639,1.1388525,1.6107804,7.964671e-06,0.042910483,0.60219055,0.52349967,0.0
0.0,22.418394,0.30770984,0.09714252,0.18663593,0.16816565,0.17812139,8.085616,0.5040504,1.1440306,1.5548519,0.010313414,0.049599785,0.62773895,0.53547204,0.0
1.0,22.661282,0.34010023,0.12047559,0.14468852,0.17876978,0.19725083,8.160774,0.50873476,0.91124123,1.3936973,0.014201723,0.18483885,0.7712604,0.53938365,1.0
1.0,22.4968,0.31202877,0.10403386,0.19008484,0.17428027,0.29854786,8.000013,0.50000125,1.1519772,1.550494,1.7270446e-05,0.016803555,0.5938888,0.5200861,0.0
1.0,22.672604,0.32159266,0.10689548,0.18559405,0.17256278,0.19087783,8.11877,0.5062999,1.1328713,1.4291902,0.013901636,0.08395046,0.57875574,0.5391253,0.0
1.0,22.7293,0.33713967,0.11394533,0.15294147,0.17714985,0.20182386,8.154564,0.50843674,0.9330568,1.4095348,0.018111944,0.16074249,0.7674443,0.53811616,1.0
1.0,22.602558,0.3377876,0.11625859,0.15361865,0.18943313,0.20007604,8.148302,0.5101072,0.92414236,1.499013,0.0149769485,0.1584863,0.7767506,0.5384604,1.0
1.0,23.004993,0.33081812,0.13198237,0.17994213,0.17325273,0.25622848,8.189714,0.50953335,1.1231781,1.243531,0.01316452,0.094490804,0.6318385,0.5417334,1.0
0.0,22.536182,0.3190022,0.0956713,0.18505502,0.16788712,0.16998343,8.067671,0.5060273,1.1397866,1.6021703,0.0051020086,0.032527454,0.61101305,0.52795225,0.0
0.0,23.41614,0.32879144,0.17180613,0.1763463,0.1789543,0.2011236,8.146852,0.50994116,1.0854745,1.2670869,0.01750417,0.0953589,0.6475018,0.54207253,1.0
1.0,22.65345,0.33680886,0.11968382,0.14426392,0.18197402,0.19736335,8.1641,0.5088286,0.9101301,1.3885863,0.014663905,0.18614298,0.7722603,0.53879946,1.0
0.0,22.322536,0.31224898,0.09591317,0.19284628,0.1706705,0.18133166,8.100766,0.5044693,1.1602805,1.58529,0.008534096,0.015443079,0.61315477,0.5368841,0.0
0.0,22.355202,0.3150284,0.09720615,0.18970418,0.16961381,0.18921685,8.114802,0.50461626,1.1583599,1.5880246,0.0089636445,0.021069676,0.60746425,0.53144526,0.0
1.0,22.587929,0.3388763,0.11438058,0.17029083,0.17523113,0.19406284,8.13685,0.5105498,1.094107,1.5803409,0.01516816,0.07744818,0.5929812,0.5500269,1.0
0.0,22.452007,0.3224976,0.09925781,0.184409,0.16573921,0.17886567,8.080579,0.5053197,1.1382575,1.5540966,0.008780643,0.049609587,0.5887007,0.53140765,0.0
1.0,22.539114,0.33310637,0.13080497,0.18008098,0.1837811,0.19750994,8.133217,0.5095238,1.1256565,1.3430718,0.015464321,0.10742235,0.6399345,0.54052025,1.0
1.0,22.57517,0.3351107,0.12843056,0.18054986,0.18696824,0.19794846,8.148595,0.5085535,1.1168046,1.3575078,0.016783804,0.10395228,0.652835,0.5434483,1.0
0.0,23.90424,0.33011726,0.14948918,0.17734239,0.18118992,0.22088575,8.133246,0.5087792,1.075389,1.1264166,0.017545104,0.10801466,0.63737315,0.53027296,1.0
0.0,22.643147,0.34007418,0.11149811,0.17311889,0.18065283,0.1957744,8.135419,0.50897723,1.0706877,1.5340908,0.018633723,0.108370624,0.7353695,0.53496873,1.0
1.0,22.49873,0.3573979,0.12264576,0.17786458,0.18320887,0.20464535,8.164885,0.5065665,1.1225913,1.3421742,0.011242874,0.10089146,0.62822694,0.5382196,1.0
0.0,24.466211,0.31969377,0.09734081,0.18845016,0.17238922,0.24939157,8.08804,0.51574844,1.1183553,1.0065038,0.012058206,0.09930721,0.64308804,0.5312668,1.0
0.0,22.61347,0.3192445,0.11594702,0.17904308,0.17425154,0.17878024,8.10335,0.5074347,1.1185586,1.5037012,0.011455119,0.061626315,0.5833057,0.52750665,0.0
1.0,22.71091,0.3181103,0.14928916,0.17537825,0.18021809,0.19230488,8.163849,0.512489,1.0887975,1.4175863,0.016629115,0.110395014,0.7224485,0.5413579,1.0
1.0,22.550865,0.32844788,0.13048793,0.17363907,0.18326521,0.18172616,8.169041,0.5091101,1.1015384,1.5632071,0.014798909,0.064179674,0.59625614,0.52730715,1.0
0.0,22.539988,0.31519702,0.09606611,0.18257666,0.17146261,0.18505397,8.096078,0.5060241,1.1360552,1.5556488,0.009807311,0.06733299,0.6634341,0.53632826,0.0
0.0,22.400698,0.3157901,0.103635155,0.18722719,0.17218767,0.1888738,8.111238,0.5042601,1.1572431,1.6203101,0.007839851,0.017897114,0.61298543,0.524568,0.0
0.0,22.4566,0.31665275,0.09752178,0.18426113,0.16618146,0.17753568,8.089033,0.5048581,1.1445944,1.5807502,0.006013535,0.046280913,0.5956491,0.5353653,0.0
0.0,22.400497,0.3260557,0.10425544,0.17196277,0.17635864,0.1887401,8.114062,0.51081896,1.0983529,1.5994643,0.017500453,0.04801504,0.55683863,0.5430755,1.0
0.0,24.339249,0.3226907,0.12733619,0.18148006,0.17716005,0.2504514,8.120263,0.5095729,1.0922391,1.0304909,0.01685156,0.11995628,0.62525254,0.53442657,1.0
1.0,22.644917,0.31776166,0.102765135,0.18599027,0.17176811,0.18702672,8.115518,0.50597984,1.130601,1.4406756,0.012965329,0.0810309,0.57375383,0.5399565,0.0
1.0,22.78352,0.3368423,0.11823419,0.16191486,0.1774271,0.19952084,8.171473,0.5094086,0.98073715,1.4105675,0.01963719,0.13895145,0.7521039,0.5449174,1.0
1.0,22.93021,0.3389748,0.11159684,0.17761591,0.1813991,0.20364244,8.167099,0.50948006,1.0766581,1.4712081,0.019693606,0.10219865,0.7267911,0.54966176,1.0
0.0,24.384718,0.32616505,0.11608514,0.18216687,0.1751497,0.24740437,8.133646,0.50903815,1.1245656,1.0258843,0.014048822,0.11097342,0.64583224,0.54605085,1.0
1.0,22.959478,0.3361438,0.11190692,0.17388707,0.17483082,0.20531443,8.16501,0.5079892,1.056781,1.4852736,0.017718866,0.11255858,0.7384411,0.5523128,1.0
1.0,22.570877,0.33470976,0.16425799,0.17704207,0.17781685,0.18611611,8.166211,0.5107318,1.1172899,1.5440595,0.016378306,0.068637155,0.62494457,0.5455369,1.0
1.0,22.279593,0.32074147,0.09573365,0.18487963,0.16853222,0.28517947,8.004702,0.50015455,1.1410291,1.546794,0.00042892992,0.042763986,0.61201555,0.529416,0.0
1.0,22.87256,0.3419355,0.10755498,0.17480725,0.18073423,0.19800866,8.127515,0.5102285,1.0619892,1.513286,0.022857554,0.10961582,0.73074967,0.5400631,1.0
0.0,22.496403,0.31873187,0.09677663,0.1863912,0.16753854,0.17019543,8.091345,0.5050806,1.1281447,1.6102736,0.005756147,0.026087545,0.6193868,0.5311821,0.0
0.0,22.463133,0.3124971,0.09425688,0.18658428,0.1711524,0.18704376,8.124502,0.50462407,1.1384755,1.5259721,0.009317182,0.052105594,0.5950321,0.5345185,0.0
1.0,22.373938,0.3096057,0.10515997,0.18237406,0.17759398,0.19013396,8.10604,0.5099512,1.13898,1.4699036,0.009878777,0.09955623,0.60073423,0.53623927,0.0
1.0,22.831123,0.34317142,0.11019489,0.1838955,0.17989166,0.19986765,8.174354,0.50889707,1.0976351,1.4676752,0.019310035,0.08539539,0.6676238,0.5362783,1.0
0.0,24.485119,0.31209964,0.101704404,0.19074334,0.1769053,0.2975234,8.037207,0.50857645,1.075198,1.0048608,0.012864545,0.10827382,0.6120659,0.55761373,1.0
1.0,22.86982,0.33277392,0.14356965,0.15890339,0.22347848,0.19270177,8.162388,0.5102079,1.0358806,1.428466,0.015906088,0.15307638,0.7359886,0.529298,1.0
1.0,23.354578,0.3279997,0.12138356,0.18005055,0.17544515,0.26124352,8.16666,0.509243,1.1174092,1.1960115,0.013348684,0.10065061,0.6188688,0.53932434,1.0
1.0,22.80337,0.3304044,0.14234823,0.1653553,0.18213934,0.19466953,8.173678,0.50980616,1.0365593,1.3995845,0.017856233,0.13526535,0.7456495,0.5416642,1.0
1.0,22.473608,0.332475,0.11156404,0.1822125,0.17655756,0.1976036,8.1137,0.5086233,1.1244235,1.3868556,0.01758948,0.09945579,0.60270923,0.5310342,1.0
0.0,22.492847,0.31642377,0.09705964,0.18354335,0.17002007,0.18831028,8.090696,0.50492513,1.1262138,1.5189183,0.008524336,0.069616735,0.56622565,0.53140247,0.0
0.0,22.427177,0.3148658,0.094898134,0.18868867,0.17051804,0.1856175,8.115231,0.5047897,1.1442437,1.5296782,0.010873228,0.04076954,0.5860741,0.5298833,0.0
0.0,22.552011,0.3156914,0.09429454,0.18582417,0.17046005,0.18339807,8.114278,0.5051472,1.1233697,1.4796591,0.010219865,0.07027522,0.56991315,0.5317264,0.0
0.0,22.485203,0.32128626,0.09795211,0.18486288,0.16635108,0.17613505,8.077321,0.50588775,1.1334023,1.5710143,0.009448469,0.044873342,0.59559786,0.52882415,0.0
0.0,24.227592,0.32902956,0.11779995,0.18095094,0.18108614,0.27284816,8.132651,0.5077311,1.1118758,1.0556518,0.01369974,0.113509886,0.61705214,0.54064786,1.0
1.0,22.685799,0.33731678,0.18816158,0.17737874,0.18222633,0.19910592,8.1700535,0.50806576,1.1000775,1.4523909,0.020929448,0.083461545,0.67344916,0.5446006,1.0
0.0,22.423685,0.32467324,0.09770265,0.1857574,0.17391753,0.16974321,8.0477495,0.5026188,1.1439933,1.6621845,0.00013421476,0.039406523,0.60780334,0.51884747,0.0
1.0,22.764402,0.340779,0.12303778,0.15200372,0.1794834,0.2005259,8.15917,0.5096106,0.9393906,1.4008775,0.017806508,0.16445301,0.7611989,0.5413134,1.0
1.0,22.86257,0.34307706,0.11251289,0.18240528,0.18433972,0.19840896,8.166116,0.50959724,1.0919013,1.4590044,0.019940816,0.090012394,0.68703806,0.54086053,1.0
1.0,22.792572,0.32651734,0.124004886,0.17012748,0.17762469,0.19940275,8.164474,0.50892997,1.0453602,1.4093815,0.018161662,0.11753782,0.74129707,0.55319655,1.0
0.0,23.684158,0.33111522,0.1068342,0.18392982,0.17463884,0.19508685,8.167491,0.5087965,1.1095245,1.1392299,0.019126028,0.09180509,0.6185754,0.544106,1.0
1.0,22.554274,0.32880867,0.15290461,0.17653422,0.17746066,0.18411146,8.179608,0.5091902,1.1119082,1.547087,0.013574652,0.06780954,0.61425143,0.54283994,1.0
1.0,22.504902,0.33819145,0.14428842,0.17714287,0.17604294,0.20604369,8.15681,0.50785387,1.1116443,1.3312187,0.014921159,0.10192021,0.6581551,0.5429566,1.0
1.0,23.386574,0.32726273,0.10781558,0.18270843,0.17432049,0.28428194,8.150484,0.5075651,1.1215152,1.1758921,0.011001214,0.08912874,0.6062433,0.5313177,1.0
1.0,22.62487,0.33854675,0.11523257,0.1571863,0.1902171,0.19757059,8.127153,0.50975305,0.94171447,1.5080006,0.015638106,0.14896013,0.7697841,0.53816205,1.0
1.0,22.58784,0.31957537,0.13713822,0.18092082,0.18990186,0.19085045,8.16718,0.510858,1.1005107,1.406445,0.02011744,0.09876122,0.6866387,0.5465175,1.0
1.0,22.535618,0.3168264,0.098265156,0.18372536,0.17121442,0.19197994,8.110269,0.50590944,1.1327982,1.463297,0.014114648,0.087090924,0.57742363,0.5350709,0.0
1.0,22.62026,0.33587718,0.1774071,0.17737594,0.18038975,0.18887517,8.157098,0.511022,1.1183771,1.5265441,0.018174618,0.07415511,0.6438412,0.5493778,1.0
1.0,22.824532,0.32620618,0.107104644,0.18540542,0.18330944,0.19599278,8.142082,0.5094557,1.1256645,1.4630461,0.014142938,0.08098142,0.6187752,0.53991574,1.0
0.0,22.565742,0.3165115,0.09445767,0.18595627,0.17090635,0.18293943,8.118291,0.50529045,1.1227995,1.4734503,0.010575041,0.07151669,0.5693258,0.53283584,0.0
1.0,22.670208,0.33988008,0.11661929,0.1454141,0.17378768,0.19871688,8.153692,0.5098138,0.91184145,1.409167,0.015015863,0.18206763,0.77220225,0.5382923,1.0
1.0,22.764835,0.33894375,0.10937427,0.1706013,0.18121904,0.1967467,8.127941,0.5102173,1.0410004,1.5226593,0.021405123,0.118504815,0.7435886,0.54133046,1.0
0.0,23.06729,0.33045518,0.117922306,0.18022317,0.18136545,0.19104482,8.150099,0.50971556,1.1003654,1.3348072,0.016408823,0.08214156,0.61805564,0.538706,1.0
0.0,22.455675,0.31804183,0.096642315,0.18414627,0.16668896,0.1815581,8.081939,0.5058108,1.1248469,1.5576699,0.008754656,0.055524327,0.5832844,0.52691233,0.0
1.0,22.59467,0.34497777,0.12479919,0.17288738,0.17605928,0.1920241,8.142585,0.5106815,1.087438,1.5831009,0.018240564,0.07133368,0.6016861,0.5322259,1.0
0.0,22.500948,0.31956333,0.09799447,0.17869243,0.17457214,0.18404736,8.101685,0.5057801,1.1317127,1.554399,0.009363897,0.07648804,0.69022375,0.5352917,0.0
0.0,24.458885,0.31525242,0.124966264,0.18464766,0.17546399,0.26651144,8.093313,0.511516,1.0933613,1.0074596,0.013193667,0.12451785,0.61679375,0.5357683,1.0
1.0,22.801807,0.336469,0.118761376,0.16448507,0.17952311,0.2001704,8.173134,0.5091146,0.9991878,1.4100857,0.020537406,0.13162528,0.7488801,0.5484273,1.0
1.0,22.80415,0.33074084,0.11795084,0.16918367,0.17986836,0.1983843,8.174638,0.5098696,1.0254779,1.4191868,0.018648654,0.12129793,0.7449118,0.54903775,1.0
0.0,23.883575,0.3293979,0.12546065,0.17958832,0.1797178,0.25308868,8.142031,0.50790066,1.1053474,1.113911,0.015305586,0.10956351,0.6213152,0.53717285,1.0
1.0,22.738026,0.3151025,0.11008601,0.1822732,0.17295797,0.272052,8.0978985,0.50965667,1.1151719,1.2658182,0.016071111,0.08695296,0.61258626,0.5304727,1.0
1.0,22.292727,0.3226286,0.09651775,0.1861656,0.1668422,0.28997704,8.001962,0.5000473,1.1493565,1.5741897,0.00013244152,0.033943973,0.6112377,0.5307281,0.0
1.0,22.826557,0.3438511,0.16176507,0.17270711,0.1763794,0.21000382,8.134709,0.5090246,1.1034427,1.4815326,0.01609321,0.10953554,0.6926087,0.5346336,1.0
1.0,22.353638,0.31589615,0.10506159,0.18259132,0.17832236,0.2449086,8.061569,0.50414354,1.1114287,1.4346269,0.010799244,0.0810249,0.6323005,0.54450893,0.0
1.0,22.927605,0.33701253,0.10688946,0.1714028,0.18213825,0.19751385,8.127087,0.5105699,1.0405554,1.4960159,0.019324534,0.119126715,0.74163115,0.54719305,1.0
0.0,22.358099,0.31343782,0.096395195,0.1892369,0.17018387,0.19067176,8.104699,0.50443256,1.1574756,1.5748777,0.010531053,0.026586622,0.59931076,0.53028333,0.0
0.0,24.212637,0.32367498,0.099819824,0.18577993,0.17394148,0.29619673,8.037817,0.5089366,1.1193687,1.0782125,0.014980152,0.08668597,0.6072648,0.52350223,0.0
0.0,22.547985,0.3213719,0.09707577,0.18652251,0.16806619,0.16673091,8.061836,0.50593334,1.1395643,1.6098316,0.0053453967,0.02272164,0.6162065,0.5269051,0.0
1.0,22.788843,0.3279383,0.12002845,0.16992004,0.17737089,0.1974875,8.174466,0.50962716,1.0362608,1.4156746,0.017978527,0.119691506,0.742491,0.55056614,1.0
0.0,22.50896,0.3110384,0.09463592,0.18671803,0.16714337,0.18432783,8.084667,0.50476074,1.1402445,1.5278881,0.009871058,0.05754598,0.61899066,0.5315485,0.0
1.0,22.718666,0.32327965,0.10557681,0.16008362,0.18524969,0.19842213,8.150557,0.5077378,1.1373676,1.4990504,0.013101198,0.10993588,0.6165988,0.7377357,1.0
1.0,22.60022,0.32040438,0.09831864,0.18271704,0.1709225,0.18632872,8.105692,0.5065031,1.127991,1.5444204,0.01015608,0.0714434,0.66426164,0.5380663,0.0
1.0,22.739958,0.33594418,0.13867673,0.14983013,0.21340045,0.19205183,8.15199,0.5091592,0.9525109,1.3796276,0.015947245,0.17380498,0.75892746,0.53369355,1.0
0.0,24.466164,0.31111374,0.09323008,0.19093087,0.18092254,0.29900932,8.015569,0.5070344,1.0987473,1.014776,0.011643529,0.08954126,0.60345554,0.53389174,0.0
0.0,23.104235,0.33916688,0.096059665,0.1868984,0.16706096,0.19230373,8.114197,0.50993186,1.1157901,1.1903774,0.010917999,0.05539198,0.58408546,0.532101,0.0
0.0,22.338331,0.3305939,0.11927224,0.15641004,0.1847558,0.1910173,8.145303,0.5089348,0.9738031,1.5578771,0.013988718,0.14486247,0.77246535,0.5340668,1.0
1.0,22.811852,0.33586782,0.11637989,0.1593264,0.17660186,0.2046736,8.141082,0.50876737,0.9545345,1.4496591,0.020578064,0.14538501,0.7659304,0.53956646,1.0
1.0,22.737095,0.5999167,0.10586942,0.17946598,0.16416265,0.29567605,8.003068,0.50000024,1.1173104,1.472419,2.078712e-06,0.022334687,0.59458,0.52219933,0.0
1.0,22.64328,0.32400364,0.09942685,0.1820592,0.17264956,0.18652624,8.111232,0.507068,1.1228714,1.533367,0.011095636,0.07548805,0.6700568,0.537803,0.0
1.0,22.566307,0.31343606,0.114002526,0.18214008,0.17226629,0.26029482,8.066806,0.5115072,1.1147532,1.30373,0.023122273,0.087613806,0.6216276,0.53279394,1.0
1.0,22.856953,0.33767077,0.11439623,0.16297029,0.18203893,0.20298636,8.137108,0.50956255,0.96903795,1.4864497,0.017936796,0.13781108,0.7618203,0.5409593,1.0
0.0,22.332983,0.3314542,0.096905135,0.18617947,0.16642296,0.18125874,8.040033,0.50168306,1.1511483,1.6643054,9.778887e-05,0.050562967,0.61005765,0.52851456,0.0
0.0,22.54261,0.31579617,0.096246086,0.18623687,0.16712976,0.18368402,8.082452,0.5047091,1.1425155,1.5286281,0.008552909,0.061374854,0.6273229,0.53214526,0.0
0.0,22.435266,0.33971542,0.1204862,0.15171455,0.19547206,0.19665334,8.119751,0.50793844,0.9234338,1.5281523,0.015180245,0.15920542,0.7778548,0.5372403,1.0
1.0,22.625639,0.3405037,0.12879467,0.1728295,0.17839776,0.19548598,8.145368,0.5108746,1.0884573,1.5759001,0.01878573,0.077797696,0.6136774,0.53304565,1.0
1.0,22.668072,0.32524046,0.109076396,0.16565219,0.18190546,0.20217931,8.133312,0.50939554,1.1160518,1.5377812,0.015041634,0.09071892,0.60939056,0.61383116,1.0
0.0,22.659555,0.31558925,0.09993221,0.18568796,0.17237726,0.18914771,8.092425,0.5069442,1.1330739,1.503664,0.009541124,0.06897846,0.6164356,0.5330331,0.0
1.0,22.419624,0.3192829,0.098466694,0.18298832,0.1709244,0.19136448,8.112302,0.5059324,1.1248065,1.4533576,0.0127974525,0.0873615,0.58093894,0.53153753,0.0
1.0,22.541204,0.33485654,0.11522554,0.17327574,0.1767753,0.18861914,8.138993,0.511237,1.0992316,1.5922561,0.018707931,0.061264932,0.58396804,0.53580105,1.0
1.0,22.37644,0.3148755,0.09494916,0.1820704,0.17457417,0.19151923,8.132369,0.50546366,1.129563,1.4858823,0.010780968,0.08159427,0.57711345,0.53027445,0.0
0.0,22.59222,0.3223732,0.12297511,0.17750543,0.17723107,0.18075223,8.116453,0.5070198,1.1106688,1.5180099,0.011534266,0.064109854,0.5899891,0.5264915,0.0
1.0,22.43041,0.332722,0.11502306,0.179908,0.17879099,0.22132367,8.134171,0.50671715,1.1141386,1.3851221,0.012064718,0.09089926,0.6376238,0.54006255,1.0
1.0,22.751387,0.3375119,0.18957227,0.1770778,0.18208566,0.19743907,8.164667,0.5087225,1.106716,1.4708319,0.024189614,0.08190004,0.66889846,0.54624623,1.0
0.0,22.531145,0.31830153,0.09547379,0.18462425,0.16771905,0.17028216,8.06907,0.50632876,1.1386608,1.601016,0.004756935,0.03649476,0.6085666,0.5273138,0.0
0.0,22.469639,0.31255502,0.09596023,0.18753272,0.16504166,0.18142258,8.072726,0.5042819,1.1449887,1.5302136,0.009545006,0.057921212,0.62835604,0.53029513,0.0
1.0,22.806274,0.324386,0.12669265,0.1520484,0.27323434,0.19728714,8.118082,0.5084976,1.02539,1.431288,0.019642137,0.1667309,0.7207192,0.52663076,1.0
1.0,22.377018,0.3167117,0.10161116,0.1823743,0.17641114,0.2677226,8.026593,0.5025163,1.1195631,1.4290614,0.008887313,0.07194968,0.61533314,0.5389194,0.0
1.0,22.613884,0.31319463,0.10641441,0.1843472,0.16908014,0.27843678,8.01603,0.50595486,1.1264708,1.3227384,0.013256095,0.069300346,0.59844965,0.5243424,0.0
0.0,23.809126,0.34617126,0.091457546,0.18962327,0.16878062,0.21387932,8.121795,0.51183325,1.1022083,1.0575185,0.0070087537,0.06127734,0.58928704,0.53933746,0.0
0.0,23.936695,0.3283386,0.12398228,0.17912006,0.17496851,0.20904261,8.156704,0.50746197,1.1016134,1.1424237,0.01619877,0.09415291,0.6464685,0.53578365,1.0
1.0,23.305359,0.33390987,0.147988,0.17911865,0.17940971,0.240632,8.157723,0.5104914,1.1097113,1.2239809,0.013467707,0.09819388,0.6301727,0.54542106,1.0
0.0,22.339966,0.5473895,0.09865271,0.1820192,0.16204874,0.20272094,8.040098,0.5005154,1.1406491,1.5704942,0.000115692616,0.057421476,0.6002669,0.5263744,0.0
0.0,22.451433,0.32421413,0.10557581,0.17332105,0.18046413,0.18655789,8.128483,0.5111327,1.1063281,1.5875623,0.020237178,0.04948741,0.5647285,0.53343475,1.0
0.0,22.620539,0.31551096,0.09814418,0.18535092,0.16902584,0.18702038,8.095419,0.50638235,1.1332171,1.489578,0.012104221,0.07133464,0.60035145,0.5341686,0.0
1.0,22.972858,0.33649465,0.11084478,0.17553155,0.1746445,0.20519997,8.1679735,0.5080258,1.0708911,1.4831586,0.018264398,0.10884587,0.73403376,0.5541784,1.0
0.0,22.381973,0.31396675,0.09711165,0.18839699,0.16997395,0.19003266,8.101166,0.5048794,1.1523856,1.5630038,0.0111589655,0.032243304,0.5927505,0.5284348,0.0
0.0,24.229183,0.32592288,0.10666419,0.18250133,0.17283656,0.22032982,8.14796,0.50844765,1.1106641,1.0620803,0.017726988,0.09581991,0.6466679,0.5355655,1.0
1.0,22.608727,0.33125287,0.114461094,0.14975475,0.18498963,0.20215671,8.1456585,0.51063335,0.91414636,1.4715623,0.017823778,0.16817105,0.78232306,0.53520113,1.0
1.0,22.977594,0.33705136,0.10925279,0.17509174,0.17577122,0.20358966,8.157269,0.50852275,1.068964,1.4891822,0.018929146,0.11041693,0.73441106,0.5534034,1.0
0.0,22.878817,0.33335483,0.14156878,0.176786,0.18749589,0.18704832,8.162241,0.50934666,1.0852405,1.4216577,0.014674872,0.08446868,0.62597007,0.5316913,1.0
0.0,24.194036,0.33012128,0.12860012,0.18027689,0.18081106,0.24896619,8.116868,0.50904727,1.0994328,1.0582501,0.016312145,0.11697127,0.6156681,0.5337579,1.0
1.0,22.774977,0.32920173,0.108109064,0.18540002,0.18345375,0.20085266,8.156424,0.50754404,1.1381828,1.4421108,0.0147513,0.08587343,0.6069731,0.54577625,1.0
1.0,22.781542,0.34179127,0.14882061,0.17212093,0.17883961,0.20625132,8.16439,0.5098935,1.1067274,1.5325603,0.015692532,0.0901081,0.65704054,0.5318223,1.0
0.0,23.636938,0.3300839,0.1250433,0.17916064,0.18071957,0.19512329,8.16704,0.50924146,1.0993652,1.2309543,0.017034397,0.09077389,0.63143855,0.5355498,1.0
1.0,22.613829,0.32438117,0.13332158,0.18178535,0.18946736,0.19282128,8.167968,0.51007825,1.1030406,1.4035113,0.020256974,0.09797839,0.6747664,0.54677683,1.0
0.0,22.444592,0.31977946,0.10480232,0.17369746,0.18099628,0.18442656,8.12361,0.5096526,1.110673,1.5775344,0.01860334,0.0456164,0.5573745,0.5315416,1.0
1.0,22.640879,0.33467734,0.112893045,0.18368433,0.17771363,0.20029327,8.128663,0.5074842,1.130697,1.4006008,0.014624074,0.09350379,0.5922424,0.5336851,1.0
0.0,22.550783,0.31552988,0.09482295,0.18545246,0.17071298,0.18501177,8.116123,0.50490135,1.1249079,1.4779766,0.010092385,0.07170703,0.56795865,0.5327344,0.0
0.0,24.224892,0.32192594,0.103276566,0.18371353,0.18270357,0.28886127,8.063973,0.5105964,1.1055746,1.0643215,0.013531372,0.10384076,0.6091739,0.5315636,1.0
1.0,22.522474,0.33266333,0.16480945,0.17713541,0.18117116,0.20783412,8.158621,0.5106909,1.086127,1.4117563,0.02061639,0.09003728,0.6757592,0.53905874,1.0
0.0,22.439201,0.31837904,0.0980362,0.18459003,0.16962464,0.1884778,8.093116,0.5050946,1.1462404,1.5799559,0.009460084,0.037833814,0.58638227,0.5292457,0.0
1.0,22.791996,0.32157636,0.10497897,0.1557185,0.19444746,0.19868946,8.153486,0.5071431,1.1486475,1.4614987,0.015909277,0.12658642,0.62881845,0.7627387,1.0
0.0,23.984129,0.32839975,0.1203943,0.17964171,0.17505741,0.21043684,8.152783,0.507424,1.1021687,1.1287014,0.016608953,0.09397866,0.64652514,0.5356293,1.0
1.0,22.82869,0.3417491,0.1562995,0.1709377,0.176763,0.20915326,8.138041,0.50906575,1.1054043,1.4684511,0.01563146,0.11519589,0.69738585,0.53681564,1.0
1.0,22.870794,0.3324542,0.14392057,0.15954804,0.22061372,0.19314058,8.165681,0.51014477,1.0389196,1.429999,0.015615106,0.15153956,0.73537934,0.52967095,1.0
0.0,22.460064,0.31631848,0.09850333,0.18400219,0.1683591,0.18791512,8.085117,0.5048643,1.1364524,1.5599911,0.008475438,0.048774034,0.57734793,0.5300256,0.0
1.0,22.580587,0.3168739,0.09672078,0.1837203,0.17248863,0.19132575,8.115709,0.5052122,1.1296341,1.4782295,0.012141757,0.08102291,0.56945455,0.536011,0.0
0.0,22.473938,0.31355697,0.09540917,0.18648405,0.16740659,0.18152936,8.078534,0.5042771,1.140817,1.5358989,0.00989636,0.058750898,0.6369692,0.53261065,0.0
1.0,22.432325,0.5841298,0.10099821,0.17733741,0.17158185,0.22301543,8.095564,0.5006588,1.1240611,1.4193676,0.0010628998,0.07118723,0.59316945,0.52457744,0.0
0.0,23.654425,0.3299756,0.16006362,0.1779646,0.18298864,0.2206034,8.140544,0.5099814,1.0872366,1.1794642,0.015708461,0.10540261,0.62924963,0.5410766,1.0
1.0,22.479239,0.31061965,0.10827849,0.18279772,0.17326109,0.26513112,8.029261,0.5080789,1.1175832,1.355331,0.02121853,0.079503275,0.60934097,0.52990973,1.0
1.0,22.62244,0.33452815,0.09592686,0.14648438,0.29081792,0.19753098,8.103858,0.50714856,1.0867083,1.4690313,0.015687853,0.16773172,0.67530614,0.60806143,1.0
1.0,22.524567,0.3376642,0.17220673,0.17672539,0.1840204,0.20969504,8.15341,0.5092072,1.0850399,1.4110771,0.021176882,0.08770542,0.6676815,0.5393843,1.0
1.0,22.819056,0.33877724,0.11612314,0.1584142,0.20953566,0.21589723,8.152505,0.5089482,1.1254002,1.446959,0.015723996,0.13107373,0.6815544,0.5532205,1.0
1.0,22.855728,0.3354555,0.16964248,0.17468327,0.17706323,0.207508,8.135085,0.5085649,1.0982879,1.5169615,0.0185332,0.093295395,0.67731017,0.5350342,1.0
0.0,22.448069,0.31873026,0.09710517,0.18451759,0.17123847,0.18777135,8.104646,0.50522584,1.1498675,1.5824862,0.010157324,0.03655482,0.58909285,0.52804005,0.0
1.0,22.757793,0.32094786,0.10153568,0.18473057,0.17773277,0.18755953,8.096533,0.5082741,1.1219426,1.5023879,0.011810519,0.07759729,0.6281416,0.52910185,0.0
0.0,22.673876,0.3296881,0.1187319,0.1782435,0.17688528,0.18335202,8.137126,0.50822973,1.1118692,1.4826838,0.014628246,0.067981355,0.5998925,0.53025913,1.0
1.0,22.592203,0.33034173,0.11421032,0.14911877,0.18492593,0.2021823,8.146726,0.5106558,0.9127589,1.470372,0.017643236,0.16979252,0.7831666,0.5354751,1.0
0.0,22.451958,0.31733313,0.09684216,0.17849292,0.17617708,0.18219718,8.092707,0.5055269,1.1353985,1.5618454,0.008787468,0.07355094,0.68821645,0.5326664,0.0
0.0,22.540398,0.31571028,0.09798153,0.18442227,0.16948487,0.18995988,8.105511,0.5048471,1.1227707,1.4888,0.009999238,0.07416955,0.56672484,0.532302,0.0
1.0,22.588503,0.31695417,0.1366008,0.18020843,0.19495106,0.19146416,8.150183,0.5118612,1.0919249,1.4121841,0.021672778,0.095481075,0.702414,0.54949635,1.0
1.0,22.344679,0.31417087,0.0970567,0.18165946,0.17820315,0.19005175,8.130957,0.5049996,1.1365392,1.5146672,0.007083796,0.079509296,0.57906675,0.52571124,0.0
1.0,22.640514,0.3211135,0.10535982,0.18599258,0.17122442,0.18925323,8.113922,0.5059347,1.1355016,1.4390056,0.012676403,0.08060344,0.5873137,0.53947157,0.0
0.0,22.409569,0.33952755,0.12198745,0.14904568,0.19526301,0.19893104,8.137069,0.5082842,0.9132121,1.5226264,0.0140597,0.1670154,0.7830049,0.53751546,1.0
0.0,22.576317,0.32072622,0.11329343,0.1769249,0.17534997,0.18193132,8.107262,0.5064786,1.1257629,1.5322402,0.010732301,0.054949313,0.5735286,0.5275086,0.0
1.0,22.819368,0.33559608,0.116444156,0.15905477,0.17586169,0.20542943,8.1409235,0.50861365,0.9528162,1.4571133,0.02052842,0.1461838,0.7671205,0.53933334,1.0
1.0,22.552599,0.31570676,0.15547922,0.17902195,0.1837666,0.19254284,8.159118,0.5105737,1.0933737,1.4122319,0.018460356,0.09686912,0.69970345,0.551343,1.0
1.0,22.934893,0.33725393,0.11173609,0.17192276,0.17662291,0.20366314,8.156048,0.5084665,1.0383699,1.4871848,0.017594859,0.11754376,0.7429892,0.54842734,1.0
1.0,22.411034,0.31685078,0.097216696,0.18320686,0.16916655,0.18934166,8.105039,0.50463676,1.1237235,1.496728,0.009307027,0.076258235,0.5703136,0.5321337,0.0
1.0,22.870777,0.3295008,0.14683166,0.16411334,0.20282945,0.19857076,8.168599,0.50901,1.0647581,1.4428519,0.015081741,0.13993803,0.7250013,0.53124934,1.0
1.0,22.771988,0.34392065,0.18938208,0.17701983,0.1828208,0.195431,8.16075,0.5077361,1.107248,1.4806638,0.020637788,0.08233057,0.6647438,0.55095875,1.0
0.0,22.402798,0.32933345,0.10803132,0.14191376,0.18719503,0.19201908,8.149512,0.5103036,0.90193546,1.3791971,0.012454689,0.19122206,0.78840315,0.5316189,1.0
1.0,22.758675,0.3443816,0.182078,0.17721349,0.18411216,0.19714831,8.154941,0.5067818,1.1138822,1.5138001,0.01968684,0.08337806,0.66417515,0.5476646,1.0
1.0,22.629559,0.3298881,0.13723949,0.1766472,0.18157202,0.18412896,8.150817,0.5087595,1.1004021,1.5085242,0.0149545595,0.07256386,0.613218,0.53278583,1.0
1.0,22.582388,0.3159943,0.098870724,0.1847331,0.1705665,0.19058101,8.115928,0.50549775,1.126709,1.4673768,0.012595661,0.08178888,0.57176644,0.5355506,0.0
0.0,22.556925,0.32324296,0.097053885,0.18922596,0.16749784,0.16231926,8.060474,0.50417477,1.1467139,1.6388547,0.0032529086,0.010641493,0.6345814,0.5273671,0.0
1.0,23.727123,0.3278905,0.10622304,0.18246973,0.17724782,0.28407574,8.130005,0.50978726,1.1184999,1.1397456,0.012888305,0.09643757,0.610657,0.53173584,1.0
0.0,22.431574,0.31957072,0.09997266,0.1842533,0.16645844,0.18641162,8.094764,0.5047596,1.1332754,1.5221756,0.009428091,0.06395681,0.5743407,0.53127193,0.0
0.0,22.453285,0.31654105,0.097192824,0.18567674,0.1673678,0.17829704,8.092657,0.5056905,1.1344278,1.592786,0.00873784,0.037221175,0.6032886,0.528375,0.0
1.0,22.634312,0.33157098,0.11083001,0.183798,0.17586055,0.19882664,8.12706,0.5068279,1.1303099,1.4133651,0.014642924,0.09146486,0.58979744,0.5340081,1.0
1.0,22.68409,0.3295553,0.11112214,0.16676414,0.18284145,0.20385228,8.149518,0.50919956,1.1066716,1.5336521,0.01442226,0.09092796,0.6144378,0.57663643,1.0
1.0,22.625471,0.31996354,0.1329855,0.1796011,0.19102421,0.19253267,8.150209,0.5123273,1.08195,1.425065,0.018974595,0.09504193,0.7127628,0.5462163,1.0
0.0,23.63611,0.330037,0.164121,0.1766433,0.18023066,0.20910437,8.141672,0.5095526,1.0788982,1.198808,0.017387308,0.100376464,0.64399314,0.5360244,1.0
1.0,22.81283,0.34118652,0.114972755,0.18274441,0.18529454,0.19681868,8.174485,0.51071274,1.0860487,1.4451617,0.01935757,0.08903579,0.6848084,0.53735316,1.0
0.0,22.409466,0.31283438,0.09369016,0.18826114,0.17132497,0.18916637,8.136264,0.504142,1.1467445,1.5413668,0.010022834,0.04164222,0.6027578,0.534567,0.0
0.0,22.635963,0.32376766,0.11770587,0.17860048,0.17528042,0.18116173,8.1129265,0.5074809,1.115871,1.4942216,0.012852602,0.06380727,0.5911525,0.5291492,0.0
1.0,22.906412,0.3284523,0.12959702,0.18000944,0.17367674,0.25818634,8.199625,0.50938517,1.1236866,1.2483321,0.014913753,0.09422412,0.6346266,0.5402335,1.0
0.0,23.580122,0.3305009,0.12693371,0.17884262,0.18128066,0.1940607,8.16842,0.5092882,1.0989579,1.2472509,0.016676433,0.09058714,0.6305521,0.53531843,1.0
1.0,22.906754,0.33021513,0.13411197,0.17978038,0.1744984,0.25513193,8.193701,0.5093751,1.1227484,1.2527912,0.015335657,0.09424916,0.63762516,0.54110396,1.0
0.0,24.318867,0.32617646,0.1270201,0.1814909,0.17985976,0.261183,8.11336,0.5083855,1.1010365,1.0333151,0.015159018,0.11870656,0.61385834,0.53539073,1.0
0.0,22.807365,0.32955343,0.105241895,0.18172234,0.17126708,0.18448353,8.135219,0.5086935,1.118719,1.3795056,0.017439976,0.06797111,0.60144794,0.53533375,1.0
1.0,22.605919,0.33227775,0.17370002,0.17820698,0.17959508,0.20134756,8.170666,0.51029336,1.0948074,1.4468054,0.017112613,0.0895002,0.6872154,0.54337585,1.0
1.0,22.464783,0.58776325,0.10230496,0.17546435,0.17483279,0.25889885,8.080317,0.5002489,1.1260846,1.3890939,0.0013149679,0.06596794,0.5965275,0.5236761,0.0
1.0,22.592426,0.32505566,0.1258628,0.17682526,0.17844868,0.18257476,8.123024,0.50678337,1.1069758,1.5178233,0.012052737,0.065278046,0.595124,0.52682894,0.0
1.0,23.264927,0.32792127,0.17410344,0.17656988,0.17842105,0.19603413,8.1517935,0.50993156,1.0913393,1.3240682,0.01733978,0.092029385,0.64826334,0.54557455,1.0
1.0,22.697588,0.3188214,0.101150185,0.18527956,0.17587571,0.19266027,8.108321,0.50763744,1.1349896,1.4741647,0.013060339,0.07614801,0.6062311,0.534945,0.0
1.0,22.587193,0.33712098,0.13090461,0.17360136,0.18228489,0.18696034,8.152161,0.5094766,1.0941385,1.571765,0.018103756,0.0680355,0.60200495,0.53293175,1.0
0.0,22.285713,0.30966234,0.10308209,0.18698776,0.16986775,0.17192751,8.078773,0.50331014,1.1381285,1.5903895,0.014466777,0.044035368,0.66182375,0.53700674,0.0
1.0,22.760988,0.31230852,0.10470912,0.18842524,0.17035265,0.29397815,8.000376,0.500333,1.1406444,1.3772134,0.0025985166,0.038498893,0.58547616,0.5225322,0.0
0.0,22.401794,0.3263381,0.101052426,0.17301604,0.17260948,0.18988992,8.108173,0.50609267,1.1121019,1.5332129,0.010432057,0.031477414,0.5336316,0.53944,0.0
0.0,22.500515,0.32315475,0.09812588,0.18473849,0.16685538,0.17405736,8.067741,0.50623095,1.137451,1.5751655,0.008566424,0.04099072,0.59965974,0.52999413,0.0
1.0,22.856554,0.32705268,0.1524263,0.17012748,0.17997329,0.20207258,8.167135,0.50902826,1.0893389,1.4363534,0.016251199,0.12318193,0.7195603,0.5376127,1.0
0.0,22.367615,0.31344387,0.09362859,0.17999275,0.1758463,0.1785346,8.087167,0.50492316,1.1335622,1.5638077,0.008908123,0.06536481,0.6761316,0.5236715,0.0
1.0,22.848015,0.31460443,0.11166986,0.18555196,0.16886131,0.28225708,8.016144,0.506425,1.1221049,1.2690691,0.010751314,0.0695889,0.5917912,0.52528137,0.0
1.0,22.667141,0.33115217,0.12041494,0.14459465,0.19140574,0.19963074,8.168688,0.5092874,0.9129128,1.3736949,0.015647195,0.18530849,0.77143407,0.5363198,1.0
1.0,22.5869,0.312564,0.10391988,0.18705888,0.17094144,0.29244372,8.000683,0.50026846,1.1403157,1.4289889,0.0020491853,0.04031963,0.58940506,0.52322686,0.0
0.0,24.370852,0.32278332,0.09748746,0.18565243,0.1730435,0.22708526,8.115791,0.5109357,1.1128155,1.0259335,0.018202208,0.09323309,0.64331627,0.53369194,1.0
0.0,22.479464,0.31121904,0.095242545,0.18564062,0.17249152,0.18872045,8.130474,0.5044727,1.1431079,1.544096,0.0084671825,0.045953352,0.6071085,0.53750813,0.0
1.0,22.525375,0.32874206,0.15844421,0.17754817,0.17961979,0.20655517,8.166906,0.51179594,1.0873901,1.410856,0.019253545,0.09122526,0.68155944,0.5394863,1.0
1.0,22.804796,0.3453065,0.18350986,0.1774919,0.1814361,0.2016527,8.143212,0.50701654,1.1116859,1.5117528,0.019746602,0.08761384,0.6752192,0.54211724,1.0
0.0,22.428286,0.30765054,0.09833147,0.18605927,0.1694915,0.17980327,8.114764,0.5040228,1.1453687,1.5553725,0.010168277,0.044561353,0.6263165,0.53766364,0.0
1.0,22.64357,0.32508367,0.108948916,0.16593769,0.17930208,0.20008203,8.12538,0.50953525,1.1177493,1.5486865,0.015113816,0.087372415,0.60329324,0.62435025,1.0
0.0,22.342188,0.33360052,0.11965273,0.15459745,0.18757866,0.19139196,8.135635,0.5082694,0.95017296,1.5520462,0.014643453,0.14979142,0.77408516,0.5323408,1.0
1.0,22.495415,0.32178906,0.13896137,0.1798898,0.17783852,0.1923644,8.113983,0.5113893,1.1307731,1.3461921,0.013699859,0.110474944,0.6401241,0.5414239,1.0
1.0,22.708727,0.33566964,0.11531429,0.15319683,0.18403125,0.20193905,8.135851,0.5105495,0.92320436,1.47408,0.019271381,0.1598194,0.77766323,0.5339151,1.0
0.0,22.492748,0.32064947,0.11145384,0.17393465,0.1816408,0.18225643,8.131908,0.5093246,1.1108099,1.5734158,0.016633667,0.050670903,0.5639729,0.53100127,1.0
0.0,24.10698,0.3300443,0.132904,0.17858313,0.17925115,0.22894734,8.1405945,0.5078568,1.0964915,1.0838332,0.015541896,0.10708266,0.6410798,0.53383017,1.0
1.0,22.72468,0.3176418,0.1159544,0.18095504,0.17293118,0.26453626,8.140967,0.5094648,1.117425,1.2716482,0.018581517,0.09194824,0.6267607,0.53869754,1.0
0.0,22.388657,0.31071568,0.097832866,0.18525341,0.1730875,0.18082085,8.079959,0.50411296,1.1324115,1.5626738,0.011537053,0.05481407,0.6590557,0.53362477,0.0
1.0,22.359995,0.31418657,0.09695203,0.18148011,0.17916007,0.18950072,8.128051,0.50582546,1.1312773,1.4952943,0.009043016,0.08360874,0.57815397,0.5269432,0.0
1.0,22.774233,0.33686805,0.11509016,0.15445688,0.18069345,0.20213732,8.124093,0.51012367,0.92872024,1.4661527,0.021031179,0.15715474,0.77528274,0.53250074,1.0
0.0,22.266987,0.3351236,0.12388356,0.14455287,0.20145494,0.19808179,8.14962,0.5069082,0.9044724,1.536778,0.013232157,0.17945524,0.79002404,0.5396685,1.0
1.0,22.772554,0.33568117,0.11952947,0.18191049,0.18671615,0.19567713,8.169977,0.51139516,1.0858243,1.4405929,0.018990308,0.09141254,0.6934761,0.53951454,1.0
1.0,22.733643,0.33709002,0.1140776,0.15626152,0.18739697,0.20073643,8.135806,0.5104085,0.933674,1.4869306,0.01721634,0.15293424,0.7728224,0.53656006,1.0
1.0,22.785006,0.3440897,0.17397639,0.17586993,0.18149047,0.20202528,8.144961,0.50728863,1.1054456,1.5215832,0.018258706,0.08388575,0.6645688,0.5429417,1.0
0.0,22.552752,0.3159412,0.09424329,0.18585098,0.170461,0.18318605,8.114682,0.50515646,1.123106,1.4793622,0.010228932,0.070110865,0.57009435,0.5316262,0.0
0.0,22.52807,0.32289064,0.115083724,0.17532688,0.17581446,0.18145677,8.117101,0.5075873,1.1186289,1.5522966,0.011494838,0.054227408,0.5700968,0.529296,0.0
1.0,22.896273,0.331308,0.14621857,0.16694212,0.1818427,0.20939593,8.15433,0.50854665,1.1042006,1.4447178,0.016575843,0.12584859,0.7069524,0.5411356,1.0
0.0,22.905727,0.33038992,0.12665926,0.17829917,0.1835109,0.18864848,8.156522,0.5095057,1.0950173,1.4057242,0.015258476,0.08119192,0.61848587,0.53466606,1.0
0.0,22.717566,0.31922114,0.09326642,0.18623465,0.16340561,0.17991203,8.046379,0.50602555,1.1334023,1.3179188,0.006628908,0.037389506,0.5515901,0.5230064,0.0
1.0,22.811989,0.33753285,0.10211223,0.18116958,0.17894131,0.19126122,8.12012,0.50908184,1.1082978,1.5068614,0.016301468,0.08698257,0.6862174,0.5376323,1.0
1.0,22.824913,0.33569115,0.11575384,0.16195682,0.17815524,0.20393293,8.145289,0.5092283,0.9682963,1.4443603,0.0204565,0.13899189,0.76141596,0.5420403,1.0
1.0,22.569574,0.3318472,0.111842185,0.18265957,0.17788482,0.19806285,8.114964,0.50753444,1.1314054,1.4041531,0.015477903,0.095953785,0.59448916,0.53367114,1.0
1.0,22.65052,0.3367994,0.11101463,0.16399476,0.18417484,0.19438618,8.126014,0.5096192,0.99341714,1.5191523,0.018197596,0.13294679,0.7568613,0.53888375,1.0
1.0,22.76636,0.33883667,0.14126097,0.15151149,0.20271808,0.19260393,8.157801,0.5089304,0.9630989,1.3839644,0.015285768,0.16947263,0.75675833,0.53531504,1.0
1.0,22.598383,0.3176176,0.098572046,0.1848053,0.17077869,0.18402179,8.089484,0.50563824,1.1348376,1.5293326,0.008305103,0.06806945,0.6336307,0.531741,0.0
1.0,22.763521,0.33864936,0.113998726,0.15846395,0.18690749,0.19946939,8.131786,0.5109761,0.9425556,1.491879,0.016438708,0.14821763,0.7692081,0.5376364,1.0
0.0,22.44335,0.31771868,0.1035108,0.17393446,0.17868905,0.18337354,8.11272,0.5076226,1.1143584,1.5623307,0.016341306,0.041835297,0.54816407,0.5324794,0.0
1.0,22.546957,0.31153423,0.1087031,0.1830747,0.1727928,0.26668406,8.040439,0.51030016,1.1158667,1.3205742,0.021987922,0.08162152,0.61129093,0.5283451,1.0
1.0,22.47664,0.33984447,0.15516585,0.17634255,0.1794816,0.21619937,8.152957,0.50976247,1.0802131,1.3771443,0.023904964,0.09081801,0.6639926,0.5362977,1.0
1.0,22.812487,0.34491217,0.18318155,0.1774287,0.18084896,0.20191634,8.140605,0.5071374,1.1108387,1.5127227,0.019422688,0.0879908,0.67546964,0.5418158,1.0
1.0,22.788664,0.33472535,0.10202704,0.17993963,0.17621143,0.19227993,8.123858,0.5085164,1.1121826,1.5117712,0.016005129,0.08848557,0.69540715,0.53848135,1.0
0.0,22.511723,0.31432962,0.09405124,0.18711242,0.16991301,0.18141314,8.117504,0.50511646,1.1248051,1.4842937,0.009305567,0.06685648,0.57412946,0.5356466,0.0
1.0,22.795624,0.33473152,0.10233739,0.18366481,0.1764365,0.1910023,8.118894,0.5094847,1.1044794,1.5006996,0.014509767,0.081222236,0.65892863,0.52997243,1.0
0.0,22.513447,0.32268682,0.11791866,0.17409503,0.18129508,0.18049434,8.13825,0.50821364,1.1123824,1.5676354,0.013662368,0.054699667,0.5699122,0.5309667,0.0
1.0,22.847769,0.33732948,0.15453747,0.1701561,0.17694148,0.20736088,8.146067,0.5089667,1.0998802,1.4570692,0.015467562,0.119362354,0.70678866,0.5373317,1.0
0.0,22.616573,0.31493112,0.09824203,0.1866016,0.17072816,0.18298562,8.111701,0.50614715,1.1288384,1.4557247,0.012529537,0.07797655,0.5717261,0.53987014,0.0
1.0,22.804184,0.3312753,0.12460576,0.1665921,0.17872058,0.2009992,8.16933,0.5087179,1.0227817,1.4042392,0.019905843,0.12599643,0.7461227,0.5510707,1.0
1.0,22.676613,0.33775985,0.12398964,0.18356812,0.18638888,0.19877425,8.163922,0.50859153,1.1061842,1.4040476,0.020564318,0.09365677,0.64872015,0.54418075,1.0
0.0,22.441313,0.32068738,0.09639373,0.18427029,0.16773419,0.1816661,8.086218,0.50517076,1.1231871,1.541964,0.008448482,0.05765689,0.57949424,0.52975756,0.0
