id,name,parent,size
1,TopicTree,,
2,MaaS,1,
3,Intro,2,
4,Explained,2,122
5,WhyCare?,2,3912
6,Infographic,2,7702
7,WhimApp,5,11492
8,Interviews,5,12313
9,Sampo,8,15282
10,Transport,8,19072
11,User,8,22862
12,ProsCons,7,26652
13,Utopia,7,30442
14,Dystopia,7,34232
15,?,1,38022
16,??,16,41812
17,??,16,45602
18,??,16,49392
19,??,16,53182
20,?,1,56972
21,??,20,60762
22,??,20,64552
23,?,1,68342
24,??,19,72132
25,??,23,75922
26,??,23,79712
27,???,25,83502
28,???,25,87292
29,???,21,56972
30,???,21,60762
31,???,21,64552
32,???,18,68342
