ID,S Leitsatz 1,S Leitsatz 2,S Leitsatz 3,S Leitsatz 4,S Leitsatz 5,S Leitsatz 6,L Leitsatz 1,L Leitsatz 2,L Leitsatz 3,L Leitsatz 4,L Leitsatz 5,x,y,cluster
1602053439,0.0,0.0,0.0,0.0,0.0,0.0,0.0,0.0,0.0,0.0,0.0,2.014505512994305,2.7854899018401724,2
140262183,2.0,2.0,2.0,2.0,2.0,-1.0,0.0,-2.0,2.0,1.0,-2.0,-0.760561117604017,4.452485988806751,2
1625313882,2.0,2.0,2.0,2.0,2.0,1.0,2.0,2.0,2.0,1.0,0.0,-2.779760135485669,0.7445320337103425,1
1974612600,2.0,2.0,1.0,2.0,1.0,2.0,2.0,2.0,2.0,2.0,2.0,-2.7949413013502835,-0.4473506418286039,1
756045323,1.0,2.0,2.0,2.0,2.0,2.0,2.0,2.0,2.0,2.0,2.0,-2.9000840467570397,-0.8676904631848926,1
2027790384,2.0,2.0,2.0,2.0,2.0,2.0,2.0,2.0,0.0,0.0,0.0,-2.596936934683449,1.3178758041271244,1
809298633,-2.0,1.0,1.0,2.0,2.0,2.0,2.0,-2.0,1.0,1.0,2.0,0.8804751408932455,0.13266951470758354,0
1706994662,2.0,2.0,2.0,2.0,1.0,2.0,2.0,2.0,2.0,1.0,2.0,-3.183026684435286,-0.019116093889518068,1
240842736,2.0,2.0,2.0,2.0,2.0,2.0,2.0,1.0,2.0,2.0,2.0,-3.1437267113961633,0.014419290284612312,1
1247879003,2.0,2.0,2.0,1.0,1.0,1.0,1.0,1.0,1.0,1.0,1.0,-2.2404540935685877,1.8692301992804594,1
291095922,-2.0,-1.0,-1.0,2.0,2.0,2.0,2.0,2.0,2.0,2.0,2.0,1.7555667096626628,-3.0274637502312767,0
1656863262,1.0,1.0,1.0,-1.0,1.0,2.0,-2.0,1.0,-1.0,-1.0,-2.0,0.8716811450094935,4.7934469783311995,2
413135575,2.0,2.0,2.0,2.0,2.0,2.0,2.0,2.0,2.0,2.0,2.0,-3.39164652918501,-0.48687836131017587,1
529964454,2.0,2.0,2.0,2.0,2.0,2.0,2.0,2.0,2.0,2.0,2.0,-3.39164652918501,-0.48687836131017587,1
594020145,-1.0,2.0,1.0,1.0,1.0,1.0,2.0,-1.0,1.0,1.0,2.0,-0.07068196945588669,0.8298652126878269,1
141208166,-2.0,-2.0,-2.0,2.0,2.0,-2.0,-2.0,2.0,2.0,2.0,2.0,4.296993581820226,-1.6636856936992361,0
1995658185,-1.0,2.0,-2.0,2.0,2.0,0.0,2.0,1.0,2.0,1.0,2.0,1.0115735111376656,-1.3112551292586632,0
15917255,-1.0,2.0,2.0,-1.0,-1.0,2.0,2.0,2.0,2.0,2.0,2.0,-1.5100349470049375,-0.04918097585732422,1
1800836712,-1.0,1.0,1.0,2.0,2.0,2.0,1.0,2.0,2.0,2.0,2.0,-0.6518036748231675,-1.6662914357772274,1
1048638492,-2.0,2.0,2.0,2.0,2.0,2.0,2.0,2.0,2.0,-1.0,2.0,-0.946964419621671,-1.2406111672511357,1
1893246827,-2.0,-2.0,-2.0,2.0,2.0,1.0,1.0,2.0,2.0,-2.0,1.0,3.967557259206337,-1.489173600936183,0
5104517,-1.0,2.0,2.0,2.0,-2.0,2.0,2.0,2.0,2.0,2.0,2.0,-1.7203892760374793,-0.784286399328906,1
592430460,1.0,1.0,1.0,1.0,2.0,1.0,1.0,2.0,2.0,2.0,2.0,-1.3829875746008855,-0.4656260309497953,1
512044482,-1.0,1.0,1.0,2.0,2.0,2.0,2.0,2.0,2.0,2.0,2.0,-0.8566379788558353,-1.968426994075071,1
1134344752,-2.0,-1.0,-1.0,2.0,2.0,2.0,2.0,2.0,2.0,2.0,2.0,1.7555667096626628,-3.0274637502312767,0
1950751929,-2.0,2.0,-2.0,1.0,2.0,2.0,0.0,-1.0,2.0,1.0,2.0,2.164258887550667,-0.016920723131176093,0
1371828903,2.0,2.0,2.0,2.0,2.0,2.0,1.0,2.0,2.0,0.0,2.0,-2.867857438584704,0.3282675980262731,1
1360059996,-2.0,-2.0,2.0,2.0,2.0,2.0,2.0,2.0,2.0,2.0,2.0,0.6256367072326423,-2.6796586876928883,0
948541006,-2.0,1.0,1.0,2.0,-1.0,1.0,2.0,2.0,2.0,1.0,2.0,0.10727138949907644,-1.335375657106067,1
1975760484,-1.0,1.0,-1.0,1.0,1.0,1.0,1.0,2.0,1.0,1.0,1.0,1.1417601917093838,-0.45707477991879014,0
1246588350,-1.0,2.0,1.0,2.0,2.0,2.0,1.0,2.0,2.0,2.0,2.0,-1.1645620014996103,-1.4989084560562662,1
901676612,-1.0,2.0,2.0,1.0,1.0,1.0,2.0,2.0,2.0,1.0,2.0,-1.4563981720731525,-0.7225111984356706,1
2080001060,1.0,2.0,2.0,2.0,2.0,2.0,1.0,2.0,2.0,1.0,-1.0,-2.10532205618538,0.9679275309535483,1
1344427490,-2.0,2.0,2.0,2.0,2.0,2.0,2.0,2.0,2.0,2.0,2.0,-1.4253965994731288,-2.0101267688090436,1
734856438,2.0,2.0,2.0,2.0,2.0,2.0,2.0,2.0,2.0,2.0,2.0,-3.39164652918501,-0.48687836131017587,1
508559587,-1.0,-1.0,-2.0,2.0,2.0,1.0,1.0,-1.0,2.0,1.0,-1.0,3.515530585787122,0.6447169907668151,0
688247290,-1.0,2.0,2.0,2.0,2.0,2.0,2.0,2.0,2.0,2.0,2.0,-1.9169590819010993,-1.6293146669343266,1
1871687553,1.0,2.0,2.0,-1.0,-1.0,1.0,1.0,2.0,2.0,2.0,2.0,-2.1228834695828027,1.1381658238103063,1
1916350990,-1.0,-1.0,2.0,1.0,1.0,2.0,2.0,2.0,2.0,2.0,2.0,-0.24304272357305012,-1.6047523757382096,1
374592858,-1.0,-1.0,2.0,1.0,1.0,2.0,2.0,2.0,2.0,2.0,2.0,-0.24304272357305012,-1.6047523757382096,1
337568611,2.0,2.0,2.0,2.0,1.0,2.0,2.0,2.0,2.0,2.0,2.0,-3.3425040777191053,-0.2756212944088207,1
613320206,-1.0,1.0,-1.0,-1.0,1.0,2.0,-2.0,-2.0,-2.0,-2.0,-1.0,3.8040790510502833,5.2433159603643515,2
448187892,-2.0,-2.0,-1.0,-1.0,1.0,2.0,-1.0,2.0,2.0,1.0,-1.0,3.781394866940453,0.4026619380561823,0
2128445438,0.0,0.0,0.0,1.0,0.0,0.0,-1.0,-2.0,-1.0,1.0,0.0,2.563597105369935,3.7384742031095604,2
924848662,2.0,2.0,2.0,2.0,2.0,2.0,2.0,2.0,2.0,2.0,2.0,-3.39164652918501,-0.48687836131017587,1
1784442773,-1.0,2.0,1.0,1.0,1.0,2.0,2.0,2.0,2.0,2.0,2.0,-1.2337549272335575,-1.274332783995109,1
527705897,1.0,2.0,1.0,1.0,1.0,1.0,1.0,2.0,2.0,2.0,2.0,-1.846603449811423,-0.0869859843274789,1
943861874,-1.0,-1.0,-1.0,2.0,2.0,2.0,2.0,1.0,2.0,2.0,2.0,1.5119240450235396,-2.1453539967617714,0
1420199923,-1.0,2.0,2.0,2.0,2.0,2.0,1.0,-1.0,2.0,2.0,2.0,-0.9683653245018912,0.17671384614788171,1
1626167670,1.0,1.0,1.0,1.0,1.0,1.0,-2.0,2.0,2.0,2.0,1.0,-0.5758587799519198,1.0776967892855223,1
520743623,2.0,1.0,2.0,2.0,-1.0,2.0,1.0,1.0,1.0,2.0,1.0,-2.0408293223223763,1.428814951764908,1
2073652624,2.0,2.0,2.0,2.0,2.0,2.0,2.0,1.0,2.0,2.0,2.0,-3.1437267113961633,0.014419290284612312,1
1296621318,1.0,-1.0,-1.0,1.0,1.0,1.0,1.0,2.0,2.0,2.0,1.0,0.9302805140406052,-0.5069345398894973,0
1493704064,1.0,-1.0,1.0,2.0,2.0,1.0,1.0,2.0,2.0,1.0,2.0,-0.2844924547969963,-0.8593409533300608,1
1690958117,2.0,-1.0,1.0,2.0,-1.0,2.0,2.0,2.0,2.0,0.0,1.0,-0.6959432007364497,0.4116840322902596,1
1909769531,-1.0,2.0,2.0,1.0,2.0,1.0,1.0,-1.0,2.0,2.0,2.0,-0.7164242594236686,0.6157550472258799,1
1697866147,-1.0,0.0,-1.0,1.0,1.0,1.0,1.0,1.0,2.0,2.0,-1.0,1.9355338321790652,0.25144004455768126,0
553568918,-2.0,-2.0,-2.0,2.0,2.0,1.0,1.0,2.0,2.0,1.0,2.0,3.345641648269822,-2.6843482809345223,0
1645990850,1.0,-2.0,1.0,2.0,2.0,2.0,1.0,-2.0,2.0,1.0,1.0,1.1979864358744843,1.2805387141482099,2
1030061321,0.0,2.0,1.0,-1.0,1.0,1.0,-2.0,-1.0,2.0,-1.0,1.0,0.7981348626832373,3.7685845503893303,2
1064136508,-1.0,1.0,0.0,2.0,1.0,0.0,2.0,-1.0,2.0,1.0,2.0,0.9741883721200648,0.07867295595087342,0
142866646,-1.0,-2.0,0.0,1.0,2.0,2.0,-2.0,0.0,2.0,2.0,2.0,2.6308755560834953,-0.11571358081914113,0
1739662468,-1.0,2.0,1.0,2.0,2.0,1.0,1.0,2.0,2.0,2.0,2.0,-0.9991198632542033,-1.3753214184359137,1
1809279671,-2.0,1.0,2.0,2.0,2.0,2.0,2.0,-1.0,2.0,2.0,2.0,-0.16887881943014574,-0.6736167937456401,1
794952821,-1.0,1.0,1.0,2.0,2.0,1.0,1.0,1.0,2.0,1.0,1.0,0.0645191055799633,-0.3592424676023523,1
1239358937,-2.0,-2.0,-2.0,2.0,2.0,1.0,2.0,2.0,2.0,1.0,1.0,3.2842907753222113,-2.5608247607919346,0
1866369651,-2.0,1.0,-1.0,-1.0,2.0,2.0,2.0,2.0,2.0,1.0,1.0,1.2925076611771014,-1.0641710214566835,0
549964074,1.0,1.0,-1.0,2.0,2.0,1.0,1.0,2.0,1.0,2.0,1.0,-0.1364835447290973,-0.4786670070476598,1
129186450,-1.0,2.0,2.0,-2.0,2.0,2.0,2.0,2.0,2.0,2.0,2.0,-1.5709633745698368,-0.3674980131037442,1
174652629,2.0,2.0,2.0,2.0,2.0,2.0,2.0,2.0,2.0,2.0,2.0,-3.39164652918501,-0.48687836131017587,1
1629452618,-2.0,1.0,-1.0,2.0,2.0,2.0,1.0,1.0,2.0,1.0,1.0,1.485765002500169,-1.2071003019369884,0
1159931434,-2.0,1.0,-1.0,2.0,2.0,1.0,1.0,1.0,2.0,1.0,1.0,1.6512071407455762,-1.0835132643166359,0
1130629675,-2.0,-2.0,2.0,2.0,2.0,2.0,2.0,2.0,2.0,2.0,2.0,0.6256367072326423,-2.6796586876928883,0
1984932318,1.0,-1.0,1.0,1.0,1.0,1.0,1.0,-2.0,-2.0,-2.0,-1.0,2.129286559291358,4.599904935322959,2
2022476957,2.0,2.0,2.0,2.0,2.0,2.0,2.0,1.0,2.0,1.0,1.0,-2.840765887027287,0.6965835692443466,1
107841802,-2.0,1.0,1.0,2.0,2.0,2.0,2.0,2.0,2.0,1.0,1.0,-0.06211467205898809,-1.6670748169900538,1
1990535153,-2.0,1.0,1.0,1.0,1.0,1.0,2.0,2.0,2.0,2.0,2.0,-0.0639919798837372,-1.6989408279704346,1
247591155,1.0,1.0,1.0,2.0,1.0,1.0,2.0,2.0,2.0,1.0,1.0,-1.322217529631587,-0.18979440684419518,1
393384051,2.0,2.0,2.0,2.0,0.0,2.0,-1.0,2.0,2.0,2.0,2.0,-2.678858714155197,0.8420424473860654,1
2129361590,-1.0,0.0,1.0,1.0,1.0,1.0,1.0,-1.0,1.0,1.0,1.0,1.3031524190147243,1.2228938899841797,2
856675816,-2.0,-1.0,0.0,2.0,-2.0,1.0,-1.0,-1.0,1.0,1.0,0.0,3.469116471203251,1.8512166932512568,2
285163765,2.0,2.0,2.0,2.0,2.0,2.0,2.0,2.0,2.0,2.0,2.0,-3.39164652918501,-0.48687836131017587,1
470124227,-1.0,2.0,2.0,1.0,1.0,2.0,2.0,2.0,2.0,2.0,2.0,-1.7813177036023786,-1.102603436575326,1
718826798,-2.0,-1.0,-1.0,2.0,2.0,1.0,1.0,-2.0,1.0,-1.0,-1.0,4.12079886908466,1.6701550927041906,2
644886572,-2.0,1.0,1.0,2.0,2.0,2.0,2.0,0.0,2.0,2.0,1.0,0.2742475702348862,-0.9209847143197798,0
1420364403,-2.0,-1.0,-2.0,2.0,1.0,1.0,1.0,-1.0,1.0,1.0,2.0,3.720179199307728,-0.5816024757689255,0
1774051695,0.0,0.0,0.0,0.0,0.0,0.0,0.0,0.0,0.0,0.0,0.0,2.014505512994305,2.7854899018401724,2
2101190529,1.0,2.0,1.0,2.0,2.0,2.0,2.0,2.0,2.0,2.0,2.0,-2.3525212703882183,-1.0394198106046761,1
377987499,1.0,2.0,1.0,2.0,2.0,2.0,2.0,2.0,2.0,1.0,2.0,-2.193043877104399,-0.7829146100853733,1
1298991487,-2.0,-2.0,1.0,2.0,2.0,2.0,0.0,-1.0,2.0,2.0,2.0,2.32662754503334,-0.7432239637326197,0
1604584643,-1.0,2.0,1.0,2.0,1.0,1.0,1.0,1.0,2.0,2.0,2.0,-0.7020575939994514,-0.6627666999397701,1
752386244,-2.0,1.0,1.0,1.0,1.0,1.0,1.0,2.0,2.0,1.0,2.0,0.3003197174327498,-1.1403000691532883,0
1366597405,-2.0,-2.0,1.0,2.0,2.0,2.0,1.0,1.0,2.0,2.0,1.0,1.769437036508036,-1.6222957467796082,0
105500365,2.0,2.0,2.0,2.0,2.0,2.0,2.0,2.0,2.0,2.0,2.0,-3.39164652918501,-0.48687836131017587,1
836396967,-2.0,1.0,1.0,2.0,2.0,1.0,2.0,2.0,2.0,2.0,2.0,-0.19963335818245784,-2.2256520583294352,1
778861172,0.0,0.0,0.0,0.0,0.0,0.0,0.0,0.0,0.0,0.0,0.0,2.014505512994305,2.7854899018401724,2
1954581466,-1.0,2.0,2.0,2.0,2.0,-2.0,2.0,-1.0,2.0,-1.0,1.0,0.11048453538358478,1.564101118329788,2
74701612,-2.0,2.0,2.0,2.0,2.0,-2.0,2.0,1.0,2.0,-1.0,1.0,0.10620738223386174,0.1806937132654946,1
354778081,1.0,2.0,-1.0,2.0,2.0,-1.0,2.0,2.0,2.0,1.0,2.0,-0.6015919096305358,-0.7556121920638817,1
1744979346,2.0,0.0,-2.0,-2.0,-2.0,2.0,2.0,-2.0,-2.0,-2.0,-2.0,2.947785202996553,6.212982148258526,2
2080611102,2.0,-1.0,1.0,1.0,2.0,1.0,2.0,2.0,2.0,2.0,2.0,-1.053867707708638,-0.7217154468148446,1
1136081342,-2.0,2.0,1.0,1.0,1.0,1.0,-2.0,-1.0,2.0,2.0,1.0,1.1298297940220892,1.6065364181666977,2
210225113,-2.0,1.0,1.0,2.0,2.0,1.0,2.0,2.0,2.0,2.0,2.0,-0.19963335818245784,-2.2256520583294352,1
581876533,-1.0,2.0,1.0,-2.0,1.0,2.0,-1.0,2.0,1.0,2.0,2.0,-0.26536126175520347,0.7986491850302747,1
397397531,1.0,1.0,2.0,2.0,2.0,2.0,2.0,2.0,2.0,2.0,2.0,-2.387325720080597,-1.0350734429058541,1
1676130837,1.0,1.0,1.0,1.0,1.0,1.0,1.0,-2.0,1.0,-1.0,-1.0,0.661110594008941,4.017527282968831,2
725817173,2.0,2.0,1.0,2.0,2.0,0.0,2.0,2.0,1.0,2.0,0.0,-2.131838641273356,0.6600973271505254,1
184038341,-2.0,2.0,-1.0,2.0,1.0,2.0,1.0,1.0,2.0,2.0,2.0,0.7191883029207543,-1.510624534274406,0
1665005611,-1.0,2.0,1.0,2.0,2.0,2.0,2.0,2.0,2.0,2.0,2.0,-1.369396305532278,-1.8010440143541098,1
294448915,-2.0,1.0,-1.0,2.0,2.0,2.0,2.0,2.0,2.0,1.0,2.0,0.8895274495935968,-2.436192590270051,0
1130408516,-2.0,2.0,0.0,0.0,0.0,0.0,0.0,0.0,0.0,0.0,0.0,1.9721138244973597,2.358631657532661,2
1063488128,-2.0,-1.0,-2.0,2.0,2.0,1.0,2.0,2.0,2.0,2.0,2.0,2.468571624276892,-3.075606060030707,0
1829654866,-1.0,2.0,2.0,2.0,2.0,2.0,2.0,2.0,1.0,2.0,2.0,-1.8225651090191954,-1.4091018631754106,1
533350651,-2.0,1.0,-1.0,1.0,1.0,2.0,2.0,2.0,2.0,-1.0,-1.0,1.7745739077151286,-0.11949372355115098,0
577730682,1.0,2.0,2.0,2.0,2.0,2.0,2.0,2.0,2.0,2.0,2.0,-2.9000840467570397,-0.8676904631848926,1
1144775898,-1.0,2.0,1.0,1.0,1.0,2.0,2.0,2.0,2.0,1.0,2.0,-1.0742775339497381,-1.0178275834758064,1
2072013078,-2.0,-1.0,-2.0,2.0,2.0,2.0,2.0,1.0,2.0,2.0,2.0,2.5510493038203315,-2.6978954460562714,0
984283137,-2.0,-1.0,-1.0,-2.0,-2.0,-1.0,1.0,1.0,2.0,2.0,1.0,3.390696190500339,0.6792345723988474,0
1877069403,-1.0,2.0,2.0,1.0,2.0,2.0,2.0,2.0,2.0,2.0,2.0,-1.8304601550682837,-1.313860503476681,1
1198882010,-2.0,-2.0,-2.0,1.0,-1.0,-2.0,-1.0,-2.0,-2.0,1.0,-2.0,6.428751839325142,3.828587447860477,2
1146487415,2.0,2.0,2.0,2.0,2.0,2.0,2.0,2.0,2.0,2.0,2.0,-3.39164652918501,-0.48687836131017587,1
1377835560,1.0,2.0,1.0,2.0,2.0,2.0,2.0,2.0,2.0,2.0,2.0,-2.3525212703882183,-1.0394198106046761,1
943187197,2.0,2.0,2.0,2.0,2.0,2.0,1.0,-1.0,2.0,1.0,1.0,-2.1400919474169253,2.0013144307317665,1
1972156429,-1.0,2.0,2.0,1.0,2.0,2.0,2.0,2.0,2.0,2.0,2.0,-1.8304601550682837,-1.313860503476681,1
1065094804,-2.0,0.0,-2.0,2.0,2.0,2.0,2.0,2.0,2.0,2.0,2.0,1.7903711593550418,-3.0318101179300987,0
640816963,2.0,2.0,2.0,2.0,2.0,2.0,2.0,1.0,2.0,-1.0,2.0,-2.6652945315447054,0.7839348918425203,1
540339603,-1.0,2.0,1.0,2.0,0.0,1.0,0.0,2.0,2.0,1.0,-1.0,-0.10607296975073349,0.8828107095052378,1
1820684518,-2.0,-1.0,-1.0,1.0,2.0,2.0,2.0,2.0,2.0,1.0,2.0,2.001543029779298,-2.455504386254328,0
2048456392,-1.0,-1.0,-1.0,1.0,1.0,-1.0,-1.0,1.0,1.0,1.0,1.0,3.155749547407265,0.560902104070468,0
1101896628,-2.0,1.0,-2.0,2.0,2.0,2.0,2.0,2.0,2.0,1.0,2.0,1.4370902259624179,-2.6079219376898344,0
168110488,-2.0,-2.0,-2.0,2.0,2.0,1.0,2.0,2.0,2.0,2.0,2.0,2.981329950953335,-3.2429890397516687,0
160397469,-1.0,1.0,1.0,2.0,2.0,1.0,2.0,-1.0,2.0,1.0,2.0,0.21204100603993162,-0.08444180115105121,1
1770222734,-1.0,2.0,0.0,2.0,0.0,2.0,2.0,1.0,2.0,0.0,1.0,-0.013190590790103868,-0.11029209689735753,1
743090847,1.0,2.0,2.0,2.0,2.0,2.0,2.0,2.0,2.0,2.0,2.0,-2.9000840467570397,-0.8676904631848926,1
801757786,-2.0,-2.0,-1.0,2.0,2.0,2.0,1.0,2.0,2.0,2.0,2.0,2.473159340371774,-2.892711171654394,0
803854241,-2.0,2.0,-1.0,2.0,2.0,2.0,2.0,2.0,2.0,2.0,2.0,0.21729172963333457,-2.525314811068393,0
1726433042,1.0,2.0,2.0,2.0,2.0,2.0,2.0,2.0,2.0,2.0,1.0,-2.7566006156719824,-0.4420313847444611,1
1765818941,-1.0,2.0,-1.0,2.0,2.0,0.0,1.0,2.0,1.0,-1.0,1.0,0.9777574115472657,-0.17980559189787176,0
1940280462,2.0,2.0,2.0,2.0,2.0,2.0,2.0,2.0,2.0,2.0,2.0,-3.39164652918501,-0.48687836131017587,1
1655115210,-1.0,1.0,1.0,2.0,1.0,1.0,2.0,2.0,2.0,1.0,1.0,-0.33909256477564625,-0.9514186105936291,1
973982541,1.0,-1.0,-2.0,2.0,2.0,1.0,2.0,-1.0,1.0,2.0,1.0,1.9755210343264824,0.21659508257715565,0
1552433679,1.0,2.0,2.0,1.0,2.0,2.0,0.0,2.0,2.0,2.0,2.0,-2.4039165118588883,0.052034816868440144,1
1893883958,2.0,2.0,1.0,2.0,2.0,1.0,2.0,2.0,2.0,2.0,2.0,-2.6786416145707816,-0.5350206711096064,1
107599241,-2.0,2.0,2.0,2.0,2.0,2.0,-1.0,-1.0,2.0,2.0,-1.0,0.3633160592465874,1.6771500961901467,2
373000964,2.0,2.0,2.0,2.0,2.0,2.0,2.0,2.0,2.0,2.0,2.0,-3.39164652918501,-0.48687836131017587,1
1682291603,2.0,2.0,2.0,2.0,2.0,2.0,2.0,2.0,2.0,2.0,2.0,-3.39164652918501,-0.48687836131017587,1
1669637801,-2.0,0.0,-1.0,2.0,0.0,1.0,0.0,0.0,2.0,2.0,2.0,2.4120436678064667,-0.707113179301989,0
129354230,2.0,2.0,2.0,2.0,2.0,1.0,1.0,1.0,2.0,2.0,2.0,-2.7734502691180882,0.4401418862028083,1
1491985362,2.0,-1.0,-1.0,2.0,2.0,2.0,2.0,2.0,2.0,2.0,2.0,-0.21068322004921827,-1.5042153427324092,1
1488891538,-2.0,2.0,-2.0,2.0,2.0,-1.0,2.0,2.0,2.0,2.0,2.0,1.261180920738377,-2.3262830456271186,0
1994757884,-2.0,-1.0,-1.0,-1.0,2.0,-1.0,-1.0,1.0,1.0,1.0,1.0,3.7711674320349613,0.5997412622096872,0
1782963542,2.0,2.0,1.0,2.0,2.0,2.0,2.0,-2.0,1.0,2.0,-1.0,-1.3275602155237254,2.8437729367294047,2
776307220,-1.0,1.0,-1.0,2.0,2.0,1.0,2.0,2.0,2.0,1.0,2.0,0.5634071054110336,-1.9317934507749823,0
1040149707,-2.0,-2.0,-2.0,2.0,1.0,1.0,-1.0,-1.0,2.0,2.0,2.0,4.388734767883784,-0.6214323431724179,0
1051793548,-1.0,1.0,1.0,2.0,2.0,2.0,2.0,-1.0,2.0,2.0,-1.0,0.31757176776587787,0.8124431960305883,2
819135382,-2.0,2.0,1.0,2.0,2.0,2.0,2.0,2.0,2.0,2.0,2.0,-0.8778338231043077,-2.181856116228827,1
223134604,-1.0,0.0,-1.0,-2.0,1.0,1.0,2.0,2.0,2.0,1.0,2.0,1.471303590884644,-0.6261027097640057,0
1346310668,-1.0,1.0,-1.0,2.0,2.0,2.0,2.0,1.0,2.0,1.0,1.0,0.7893682160395308,-1.1284237583601149,0
465066745,-2.0,-2.0,-2.0,1.0,1.0,1.0,2.0,-1.0,1.0,1.0,1.0,4.258085579869377,-0.31000777188965295,0
17848564,-2.0,-1.0,-1.0,1.0,2.0,1.0,2.0,2.0,2.0,2.0,2.0,2.007507774740886,-2.5884225491532784,0
318799769,-2.0,-1.0,-1.0,1.0,2.0,1.0,-2.0,1.0,2.0,2.0,2.0,3.074764808660404,-0.8785826643671156,0
1529694673,-1.0,1.0,-1.0,2.0,2.0,-1.0,1.0,-1.0,2.0,-1.0,1.0,2.305323356953752,1.0600786170269683,2
1037025338,-1.0,1.0,-1.0,1.0,1.0,2.0,-2.0,-2.0,1.0,-2.0,0.0,3.204415847653882,3.5261101437318807,2
2046192245,-1.0,2.0,1.0,2.0,2.0,2.0,2.0,1.0,2.0,2.0,2.0,-1.1214764877434313,-1.2997463627593218,1
2074765452,-1.0,2.0,-1.0,-2.0,2.0,1.0,2.0,2.0,2.0,2.0,2.0,0.23716709278203377,-0.7590990177427411,1
99715476,-2.0,-2.0,-2.0,1.0,2.0,1.0,1.0,2.0,2.0,1.0,2.0,3.4321405751026375,-2.3688941174768763,0
896687201,2.0,2.0,-1.0,-1.0,2.0,2.0,1.0,-2.0,2.0,2.0,1.0,-0.1494644133069873,2.67728132992084,2
704076762,1.0,2.0,2.0,2.0,1.0,2.0,2.0,2.0,2.0,2.0,2.0,-2.850941595291135,-0.6564333962835375,1
570666274,-1.0,2.0,2.0,1.0,1.0,1.0,1.0,2.0,1.0,2.0,2.0,-1.3166472884424,-0.45666803689821367,1
1560634070,2.0,2.0,2.0,2.0,2.0,2.0,2.0,2.0,2.0,2.0,2.0,-3.39164652918501,-0.48687836131017587,1
980329489,2.0,1.0,1.0,1.0,0.0,2.0,1.0,-1.0,1.0,1.0,0.0,-0.6571096106400741,3.046042283050726,2
757258772,-2.0,2.0,-2.0,1.0,2.0,1.0,-1.0,1.0,2.0,2.0,1.0,2.0227017320522864,-0.4246395524814272,0
1883642375,-1.0,1.0,1.0,1.0,1.0,1.0,1.0,2.0,1.0,2.0,1.0,-0.11284275431207824,-0.3701212855985265,1
521388446,-2.0,-2.0,-2.0,2.0,2.0,1.0,1.0,2.0,2.0,2.0,2.0,3.1861642549860028,-2.940853481453825,0
1048949734,-2.0,-1.0,-1.0,-2.0,0.0,2.0,-2.0,-2.0,-1.0,1.0,-2.0,5.027456843481555,4.49037980253032,2
674773598,-2.0,1.0,-1.0,1.0,1.0,1.0,1.0,2.0,2.0,2.0,2.0,1.2359678768865734,-1.7402639645121574,0
73576630,-1.0,2.0,-1.0,2.0,2.0,2.0,1.0,2.0,2.0,2.0,2.0,-0.06943644876196794,-1.8423671508958324,1
666588686,-2.0,-2.0,-2.0,2.0,2.0,-1.0,1.0,-2.0,2.0,2.0,2.0,4.508727802632204,-0.688488799833967,0
2043645939,-2.0,-2.0,-2.0,2.0,2.0,-2.0,2.0,-2.0,2.0,2.0,2.0,4.469335636844943,-0.8670373205114578,0
1159134146,1.0,2.0,2.0,2.0,2.0,2.0,2.0,-2.0,2.0,2.0,2.0,-1.9084047756016527,1.1375001431942602,1
776738212,2.0,2.0,2.0,1.0,2.0,2.0,2.0,-2.0,2.0,2.0,2.0,-2.313468331196807,1.8337664085266228,1
643101746,-1.0,2.0,2.0,2.0,2.0,1.0,0.0,1.0,2.0,1.0,1.0,-0.7909676934326331,0.28200541783623584,1
565737533,-1.0,2.0,1.0,2.0,2.0,2.0,1.0,1.0,2.0,1.0,1.0,-0.6136813593418867,-0.3154465255017437,1
1570771816,-2.0,2.0,2.0,2.0,2.0,2.0,0.0,1.0,2.0,2.0,2.0,-0.7678081736189466,-0.904558000618568,1
1650130736,-2.0,-2.0,-2.0,2.0,2.0,2.0,-1.0,1.0,2.0,2.0,0.0,3.9652774047648927,-1.107553594002839,0
90735388,2.0,2.0,2.0,1.0,1.0,2.0,1.0,-1.0,2.0,1.0,0.0,-1.8609671380331472,2.9536847395311994,2
905135089,2.0,2.0,2.0,2.0,2.0,2.0,2.0,2.0,2.0,2.0,1.0,-3.248163098099953,-0.06121928286974428,1
512191229,2.0,1.0,2.0,1.0,2.0,2.0,2.0,1.0,2.0,2.0,-1.0,-2.114019164631732,1.4394677093425916,1
351970282,-2.0,2.0,2.0,2.0,2.0,2.0,1.0,2.0,2.0,2.0,2.0,-1.2205622954404611,-1.7079912105111998,1
746122199,-1.0,1.0,-1.0,2.0,2.0,2.0,1.0,1.0,2.0,2.0,2.0,0.6912416957033217,-1.5084524790220055,0
376691573,1.0,2.0,2.0,2.0,2.0,2.0,2.0,-1.0,2.0,2.0,2.0,-2.1563245933904995,0.636202491599472,1
150881393,-2.0,-2.0,-2.0,2.0,0.0,1.0,2.0,-2.0,2.0,1.0,-2.0,4.804705242664581,1.1438572147112236,0
1062904160,2.0,2.0,2.0,-2.0,0.0,2.0,2.0,2.0,1.0,-1.0,2.0,-2.374539766188576,2.187180831639941,1
759007718,2.0,2.0,2.0,2.0,2.0,2.0,1.0,2.0,2.0,2.0,2.0,-3.1868122251523423,-0.1847428030123322,1
968341477,-1.0,2.0,1.0,1.0,2.0,2.0,0.0,1.0,2.0,2.0,2.0,-0.6253089528452801,-0.3800210827059887,1
1583460147,2.0,-1.0,-1.0,2.0,2.0,2.0,-1.0,-2.0,2.0,2.0,-1.0,1.825949256459345,2.6843591738615697,2
417301308,-2.0,1.0,1.0,2.0,2.0,2.0,1.0,-1.0,1.0,-2.0,1.0,1.459305238073582,1.1286821014089785,2
1954356704,-1.0,1.0,1.0,2.0,1.0,1.0,2.0,1.0,1.0,1.0,1.0,0.003221225895104518,-0.22990815523992486,1
850431330,2.0,2.0,2.0,-1.0,2.0,1.0,1.0,2.0,1.0,1.0,1.0,-2.3645185091577083,1.7875838076996073,1
1463856851,2.0,2.0,2.0,2.0,2.0,2.0,2.0,2.0,2.0,2.0,2.0,-3.39164652918501,-0.48687836131017587,1
1042256547,-1.0,1.0,1.0,2.0,2.0,2.0,2.0,-2.0,2.0,2.0,-1.0,0.5654915855547247,1.3137408476253767,2
1795328498,2.0,2.0,2.0,2.0,2.0,2.0,2.0,-1.0,2.0,2.0,1.0,-2.5044036447334124,1.4426736719146205,1
1550489837,1.0,2.0,-1.0,2.0,2.0,2.0,1.0,2.0,2.0,2.0,2.0,-1.0525614136179087,-1.0807429471463987,1
709855268,-2.0,2.0,2.0,-2.0,0.0,2.0,-2.0,-2.0,2.0,-2.0,-2.0,2.041743795551509,5.616593974233714,2
1141390310,-1.0,-1.0,1.0,2.0,2.0,2.0,2.0,1.0,2.0,2.0,2.0,0.41679849228589727,-1.8018953019222053,0
1979450949,2.0,2.0,2.0,1.0,1.0,-1.0,1.0,-2.0,2.0,2.0,2.0,-1.5631651609620136,2.7179201465868794,2
172814223,2.0,2.0,2.0,2.0,2.0,2.0,1.0,-2.0,2.0,2.0,1.0,-2.051649522911898,2.2461068818072523,1
75104257,1.0,2.0,1.0,1.0,1.0,2.0,0.0,-1.0,1.0,2.0,0.0,-0.6820909956056032,2.666986451774156,2
1789693324,2.0,1.0,2.0,-1.0,0.0,0.0,0.0,0.0,0.0,0.0,0.0,-0.4900044044429057,4.373409943607779,2
1413393063,2.0,1.0,2.0,1.0,-1.0,2.0,2.0,2.0,2.0,2.0,2.0,-2.644961921278037,0.29496402313057407,1
2089477549,2.0,2.0,2.0,2.0,2.0,2.0,1.0,2.0,2.0,2.0,2.0,-3.1868122251523423,-0.1847428030123322,1
237481636,0.0,0.0,0.0,0.0,0.0,0.0,0.0,0.0,0.0,0.0,0.0,2.014505512994305,2.7854899018401724,2
1347592680,1.0,-1.0,1.0,2.0,2.0,1.0,2.0,1.0,2.0,1.0,1.0,-0.09792350995575966,-0.23451978159268455,1
1009146547,-2.0,2.0,1.0,1.0,2.0,1.0,1.0,2.0,1.0,2.0,0.0,-0.039697618941398144,-0.3691483962132059,1
481124590,-2.0,2.0,-2.0,1.0,2.0,2.0,1.0,-2.0,2.0,-1.0,-1.0,2.9567494811296573,1.9722290065256685,2
350557507,-2.0,1.0,1.0,2.0,1.0,2.0,2.0,2.0,2.0,1.0,1.0,-0.01297222059308307,-1.4558177500886986,1
1836418254,-2.0,1.0,-1.0,1.0,2.0,1.0,1.0,1.0,2.0,2.0,2.0,1.434745243209515,-1.4502233798187243,0
494846470,-2.0,-2.0,-2.0,1.0,2.0,2.0,1.0,-2.0,2.0,-2.0,2.0,4.736809887864076,0.2822250528398316,0
1818673821,2.0,2.0,2.0,2.0,2.0,2.0,2.0,2.0,2.0,2.0,2.0,-3.39164652918501,-0.48687836131017587,1
958437668,-2.0,-2.0,-2.0,2.0,2.0,2.0,2.0,2.0,2.0,2.0,1.0,2.959371243792985,-2.9409169989315895,0
91151736,1.0,-1.0,-1.0,2.0,2.0,1.0,2.0,2.0,2.0,2.0,-1.0,0.8767716938793316,-0.48446317166547875,0
237572389,2.0,1.0,2.0,-2.0,2.0,2.0,-2.0,-2.0,2.0,2.0,2.0,-0.721876007891247,3.821288152369973,2
1579866814,-2.0,-1.0,-1.0,2.0,2.0,1.0,1.0,-1.0,2.0,2.0,2.0,2.869602605307279,-1.0978481995287162,0
1541858815,-1.0,1.0,1.0,2.0,2.0,2.0,2.0,2.0,2.0,2.0,2.0,-0.8566379788558353,-1.968426994075071,1
934832385,-2.0,-2.0,-2.0,2.0,0.0,2.0,2.0,2.0,2.0,2.0,2.0,2.9141727156397375,-2.9440619435693107,0
125394,-2.0,-2.0,2.0,2.0,2.0,2.0,2.0,2.0,2.0,2.0,-2.0,1.1995704315728726,-0.9770223739311621,0
377996882,-2.0,2.0,-1.0,2.0,-1.0,1.0,1.0,-1.0,2.0,2.0,1.0,1.6222384107607228,0.46373101877866496,0
1493484883,2.0,0.0,2.0,2.0,2.0,2.0,2.0,0.0,2.0,2.0,2.0,-1.8702902402544312,0.18095098243747804,1
844750595,-2.0,-2.0,-2.0,2.0,1.0,1.0,2.0,2.0,2.0,2.0,0.0,3.3174392645893547,-2.1804138159694504,0
756410560,2.0,2.0,2.0,1.0,-1.0,2.0,2.0,2.0,2.0,2.0,1.0,-3.0142368168694222,0.8880060812919669,1
507820673,-2.0,-2.0,-2.0,2.0,2.0,2.0,2.0,-1.0,2.0,2.0,1.0,3.7031306971595255,-1.4370240441472248,0
1561496398,1.0,1.0,1.0,2.0,2.0,1.0,2.0,2.0,2.0,2.0,2.0,-1.6743208054663687,-1.0832157527052846,1
1889928668,-2.0,1.0,0.0,0.0,0.0,0.0,2.0,2.0,2.0,0.0,0.0,1.3905759617669657,0.14395665050860407,0
601094497,-1.0,1.0,1.0,2.0,2.0,2.0,1.0,-1.0,1.0,2.0,2.0,0.18634975142527696,0.05781432276605326,1
2096369571,1.0,0.0,2.0,0.0,0.0,0.0,0.0,0.0,0.0,0.0,0.0,0.4278174778286916,3.509760698554456,2
1573817086,1.0,2.0,2.0,1.0,2.0,2.0,2.0,-1.0,2.0,2.0,0.0,-1.7828588043875688,1.8029748119379807,1
549904493,2.0,1.0,2.0,1.0,1.0,1.0,1.0,-2.0,2.0,1.0,-1.0,-0.7913634242373927,3.8368455274658104,2
1537131399,-1.0,2.0,2.0,2.0,2.0,1.0,2.0,2.0,2.0,1.0,-1.0,-1.1615892571167004,0.027754806526623398,1
1084547649,-1.0,-1.0,1.0,2.0,2.0,2.0,2.0,2.0,2.0,2.0,2.0,0.16887867449705043,-2.3031929535169935,0
1532136162,-2.0,-2.0,-2.0,2.0,2.0,1.0,1.0,2.0,2.0,-2.0,2.0,3.82407382812128,-1.9148326793766146,0
56359514,1.0,2.0,1.0,1.0,2.0,2.0,2.0,2.0,2.0,2.0,2.0,-2.2660223435554028,-0.7239656471470304,1
1201049742,1.0,2.0,2.0,1.0,1.0,2.0,1.0,2.0,2.0,1.0,1.0,-2.2566475400567745,0.6433206044316858,1
1291641576,-2.0,-2.0,-2.0,2.0,2.0,2.0,2.0,2.0,1.0,2.0,2.0,2.9102817855898313,-3.146363273613105,0
1496498902,-2.0,1.0,-1.0,2.0,2.0,-1.0,2.0,-1.0,2.0,1.0,1.0,2.2730967487814158,-0.13587944418419762,0
1667606748,-1.0,0.0,0.0,0.0,0.0,0.0,0.0,0.0,0.0,0.0,0.0,2.506067995422275,2.4046777999654556,2
1097311208,2.0,2.0,1.0,2.0,1.0,1.0,2.0,2.0,1.0,1.0,2.0,-2.3756277969391535,0.15295440006996713,1
93717132,-2.0,1.0,1.0,2.0,2.0,2.0,2.0,1.0,2.0,-1.0,2.0,0.3612765012124397,-1.0784258427970919,0
1969888224,-1.0,1.0,2.0,1.0,1.0,2.0,0.0,1.0,2.0,2.0,2.0,-0.6109709510717536,-0.16441764810581144,1
260208956,2.0,2.0,2.0,2.0,2.0,2.0,2.0,2.0,2.0,2.0,2.0,-3.39164652918501,-0.48687836131017587,1
763868010,-1.0,0.0,-1.0,2.0,2.0,1.0,1.0,1.0,2.0,2.0,1.0,1.5129255917102296,-1.1265893426821825,0
1467737922,1.0,2.0,2.0,2.0,1.0,2.0,2.0,2.0,2.0,1.0,2.0,-2.6914642020073156,-0.3999281957642349,1
479583878,2.0,1.0,2.0,1.0,2.0,2.0,2.0,2.0,2.0,2.0,-1.0,-2.361938982420579,0.9381700577478034,1
255244153,1.0,1.0,1.0,2.0,2.0,2.0,1.0,2.0,2.0,1.0,0.0,-1.1884843842251738,0.20315612537237232,1
1250806293,-1.0,2.0,2.0,2.0,2.0,2.0,2.0,2.0,2.0,1.0,2.0,-1.7574816886172802,-1.372809466415024,1
1427441015,1.0,1.0,-1.0,2.0,2.0,2.0,2.0,2.0,1.0,2.0,2.0,-0.6502434180922297,-1.3300486814062877,1
1384956158,-1.0,-1.0,-1.0,2.0,2.0,0.0,0.0,1.0,0.0,0.0,2.0,2.760219661911136,-0.3404727963689419,0
2059428359,-1.0,2.0,2.0,1.0,2.0,2.0,2.0,1.0,2.0,2.0,1.0,-1.4390569061943794,-0.3869037734414612,1
1898062679,1.0,1.0,2.0,2.0,2.0,2.0,2.0,2.0,2.0,-1.0,2.0,-1.9088935402291396,-0.26555784134794613,1
521095148,1.0,2.0,2.0,2.0,1.0,2.0,2.0,2.0,2.0,1.0,1.0,-2.5479807709222584,0.025730882676196696,1
827202218,2.0,2.0,2.0,2.0,1.0,2.0,-1.0,2.0,1.0,1.0,1.0,-2.330646368370322,1.5331624632033602,1
605019862,-2.0,-2.0,-1.0,2.0,1.0,1.0,1.0,1.0,1.0,2.0,1.0,3.173541151838894,-1.410697533338551,0
719817013,1.0,2.0,2.0,2.0,2.0,2.0,2.0,-1.0,2.0,2.0,0.0,-1.8693577312203846,1.4875206484803352,1
940809346,-1.0,1.0,-1.0,2.0,2.0,2.0,1.0,2.0,2.0,-1.0,2.0,0.9217540577659327,-1.2402345290588856,0
788123655,2.0,1.0,2.0,-2.0,2.0,0.0,2.0,2.0,2.0,-1.0,-1.0,-1.2931257455798606,2.901222224919353,2
1417337261,-1.0,1.0,-1.0,2.0,2.0,1.0,1.0,1.0,2.0,1.0,1.0,1.1596446583176059,-0.7027011624419185,0
211443265,-1.0,2.0,-1.0,2.0,2.0,-1.0,2.0,2.0,2.0,2.0,2.0,0.22205566194158557,-1.7737415963326184,0
1783673144,-1.0,1.0,-1.0,0.0,0.0,2.0,1.0,-1.0,2.0,1.0,1.0,1.7613249122473338,1.2297295638453067,2
928203391,-1.0,2.0,1.0,2.0,2.0,1.0,2.0,2.0,2.0,2.0,2.0,-1.203954167286871,-1.6774569767337573,1
867221721,0.0,0.0,0.0,0.0,0.0,0.0,0.0,0.0,0.0,0.0,0.0,2.014505512994305,2.7854899018401724,2
1746241804,-2.0,-2.0,1.0,2.0,1.0,2.0,2.0,-1.0,2.0,2.0,1.0,2.109584819518967,-0.7105789349865202,0
749627166,-1.0,1.0,1.0,2.0,2.0,1.0,2.0,1.0,2.0,1.0,1.0,-0.14031519845270446,-0.661378025900196,1
1675631577,-1.0,1.0,2.0,2.0,2.0,2.0,1.0,2.0,2.0,1.0,2.0,-1.0398890579081694,-1.2380568878381415,1
885125163,2.0,2.0,2.0,2.0,2.0,2.0,2.0,2.0,2.0,2.0,2.0,-3.39164652918501,-0.48687836131017587,1
2089475596,2.0,-1.0,2.0,-1.0,2.0,0.0,-1.0,0.0,2.0,1.0,0.0,0.29379631096321035,3.2213346006238557,2
1165987366,-1.0,2.0,2.0,2.0,2.0,1.0,2.0,2.0,2.0,1.0,2.0,-1.592039550371873,-1.2492224287946714,1
621390593,-1.0,2.0,1.0,1.0,2.0,2.0,1.0,2.0,2.0,2.0,1.0,-0.9345796435817372,-0.757795214158189,1
818954943,2.0,2.0,2.0,2.0,2.0,2.0,2.0,2.0,2.0,2.0,1.0,-3.248163098099953,-0.06121928286974428,1
1559760215,-2.0,-2.0,2.0,2.0,2.0,2.0,2.0,1.0,2.0,2.0,2.0,0.8735565250214891,-2.1783610360981003,0
994209005,-2.0,-2.0,-2.0,1.0,1.0,2.0,-1.0,1.0,2.0,1.0,1.0,4.1169127452623755,-0.7499962415649668,0
1911478937,-2.0,1.0,1.0,2.0,2.0,2.0,1.0,2.0,2.0,1.0,2.0,-0.000763799111377904,-1.7905983371326417,1
2131374467,2.0,2.0,1.0,2.0,2.0,2.0,2.0,2.0,2.0,1.0,1.0,-2.5411229284473125,0.023556570229775285,1
260302117,-2.0,1.0,0.0,2.0,2.0,2.0,2.0,2.0,2.0,2.0,0.0,0.4694541421110714,-1.6696502864887082,0
661392644,-2.0,0.0,1.0,2.0,0.0,0.0,-1.0,2.0,2.0,0.0,2.0,1.510309708336844,-0.42751679069519744,0
1111972007,1.0,2.0,1.0,2.0,1.0,2.0,2.0,2.0,2.0,2.0,2.0,-2.3033788189223134,-0.8281627437033207,1
757767751,2.0,1.0,2.0,2.0,1.0,1.0,1.0,2.0,2.0,1.0,2.0,-2.299991915480768,0.23922352230771676,1
1917880730,-1.0,2.0,2.0,2.0,2.0,2.0,2.0,2.0,2.0,2.0,2.0,-1.9169590819010993,-1.6293146669343266,1
363760742,2.0,2.0,2.0,2.0,-1.0,2.0,1.0,1.0,2.0,1.0,1.0,-2.488504228596904,1.6324903282462555,1
1017747980,-1.0,1.0,-1.0,1.0,2.0,-1.0,-2.0,-2.0,2.0,-1.0,1.0,3.254245013673418,2.783237106972933,2
1478564720,2.0,-1.0,2.0,-2.0,0.0,1.0,-1.0,1.0,-1.0,1.0,1.0,0.20491667225423635,3.5693975415053876,2
1227638577,-1.0,2.0,2.0,2.0,2.0,2.0,1.0,2.0,2.0,-2.0,1.0,-0.9307317736480968,0.12450077188115925,1
1046900667,-2.0,2.0,1.0,1.0,2.0,2.0,2.0,2.0,2.0,-1.0,1.0,-0.16941928533497663,-0.6712272727728417,1
1874549912,-1.0,2.0,2.0,2.0,2.0,2.0,2.0,2.0,2.0,2.0,0.0,-1.6299922197309842,-0.7779965100534633,1
1319875612,-2.0,-1.0,-1.0,2.0,2.0,1.0,1.0,1.0,2.0,-2.0,2.0,3.0116725428648623,-1.074422700641082,0
232729068,2.0,2.0,1.0,2.0,-1.0,2.0,1.0,-2.0,2.0,2.0,1.0,-1.3566593921453611,2.7081487350915348,2
418040828,2.0,2.0,2.0,-1.0,2.0,2.0,-2.0,-2.0,1.0,2.0,-2.0,-0.6528055641783712,5.5960660861539315,2
1980949581,-1.0,-1.0,1.0,1.0,1.0,1.0,1.0,2.0,2.0,1.0,2.0,0.8342738883576654,-1.0942539267204938,0
381038409,-1.0,2.0,2.0,2.0,-1.0,2.0,2.0,2.0,2.0,1.0,2.0,-1.610054334219565,-0.7390382657109584,1
493367659,-2.0,-2.0,-2.0,-2.0,-2.0,-1.0,1.0,-2.0,1.0,1.0,1.0,5.4486481130778674,2.3207332043206867,2
2084705,-2.0,-2.0,-1.0,1.0,1.0,1.0,1.0,1.0,2.0,2.0,2.0,3.0221626747047488,-1.7411152520802529,0
489876443,-1.0,1.0,1.0,1.0,2.0,2.0,1.0,2.0,2.0,2.0,1.0,-0.42182131690529434,-0.9251781938791501,1
580808950,0.0,2.0,-1.0,1.0,2.0,1.0,1.0,2.0,2.0,1.0,2.0,-0.14958047282789635,-0.7660086474238147,1
42254905,-1.0,-1.0,-1.0,2.0,2.0,2.0,-1.0,2.0,2.0,2.0,2.0,1.8785071393326962,-1.7402449734630288,0
502230419,2.0,2.0,2.0,-1.0,2.0,2.0,2.0,2.0,2.0,-1.0,-1.0,-2.223267275579933,2.5059769659419637,1
1477768747,-2.0,1.0,1.0,2.0,1.0,2.0,2.0,2.0,2.0,2.0,1.0,-0.17244961387690236,-1.712322950608001,1
1070239777,2.0,1.0,1.0,1.0,1.0,1.0,1.0,1.0,1.0,1.0,1.0,-1.180132990523323,1.5301178721397148,1
226893361,-1.0,0.0,2.0,1.0,2.0,2.0,2.0,1.0,2.0,0.0,2.0,-0.2380688973589126,-0.63431841028521,1
757822710,-1.0,1.0,1.0,1.0,2.0,-1.0,-1.0,1.0,2.0,2.0,2.0,0.5886100926000517,0.12549260873195156,0
1246516591,0.0,0.0,0.0,0.0,0.0,0.0,0.0,0.0,0.0,0.0,0.0,2.014505512994305,2.7854899018401724,2
1981963494,-2.0,1.0,-2.0,2.0,2.0,0.0,2.0,2.0,2.0,2.0,2.0,1.6084971091694131,-2.617253062968432,0
1027481903,-2.0,2.0,2.0,1.0,1.0,2.0,2.0,2.0,2.0,1.0,2.0,-1.1302778278905892,-1.2269103379307402,1
326718290,-1.0,2.0,2.0,2.0,2.0,2.0,1.0,0.0,2.0,2.0,2.0,-1.216285142290738,-0.3245838054469065,1
1027431261,0.0,0.0,0.0,0.0,0.0,0.0,0.0,0.0,0.0,0.0,0.0,2.014505512994305,2.7854899018401724,2
1498346645,1.0,1.0,2.0,2.0,2.0,2.0,1.0,2.0,2.0,2.0,1.0,-2.039007984962872,-0.30727880616757886,1
1208613478,1.0,2.0,2.0,2.0,2.0,2.0,2.0,2.0,2.0,2.0,2.0,-2.9000840467570397,-0.8676904631848926,1
32438676,2.0,2.0,2.0,2.0,2.0,2.0,2.0,2.0,2.0,2.0,2.0,-3.39164652918501,-0.48687836131017587,1
1906005939,-2.0,1.0,-1.0,2.0,1.0,-1.0,2.0,1.0,2.0,-1.0,1.0,2.1453543512372657,-0.4142072794338137,0
883501393,-1.0,-2.0,-1.0,1.0,2.0,1.0,2.0,1.0,2.0,1.0,2.0,2.4361008300620246,-1.6171905748854323,0
187857839,2.0,2.0,2.0,2.0,1.0,2.0,2.0,2.0,2.0,2.0,2.0,-3.3425040777191053,-0.2756212944088207,1
1941089299,2.0,1.0,2.0,2.0,2.0,2.0,2.0,0.0,2.0,2.0,1.0,-2.239565135845816,0.7739930405988711,1
1106907569,2.0,2.0,2.0,-1.0,-1.0,-1.0,-1.0,2.0,1.0,2.0,2.0,-1.7794990945727203,2.5906359212803314,2
1275832357,-2.0,2.0,1.0,1.0,2.0,1.0,2.0,-2.0,1.0,2.0,2.0,0.4601804860112062,0.48258849498724027,1
651404494,1.0,-1.0,1.0,1.0,1.0,1.0,0.0,1.0,2.0,1.0,0.0,0.5908699074933541,1.322121643802435,2
1426976855,2.0,2.0,2.0,2.0,2.0,2.0,2.0,2.0,2.0,2.0,2.0,-3.39164652918501,-0.48687836131017587,1
16314557,1.0,2.0,2.0,2.0,1.0,1.0,-1.0,2.0,2.0,1.0,2.0,-1.9115191516639054,0.6300655167496487,1
1208923321,2.0,2.0,2.0,2.0,2.0,2.0,2.0,2.0,2.0,2.0,2.0,-3.39164652918501,-0.48687836131017587,1
186576896,1.0,1.0,-1.0,2.0,1.0,1.0,2.0,-1.0,1.0,2.0,2.0,0.30810062498562274,0.5086883778997848,1
164504931,1.0,2.0,2.0,1.0,2.0,2.0,2.0,2.0,2.0,2.0,1.0,-2.670101688839167,-0.12657722128681556,1
842846102,1.0,2.0,1.0,2.0,1.0,2.0,2.0,2.0,2.0,2.0,2.0,-2.3033788189223134,-0.8281627437033207,1
398080650,-1.0,1.0,2.0,2.0,2.0,2.0,2.0,2.0,2.0,1.0,2.0,-1.2447233619408373,-1.5401924461359853,1
1377663536,0.0,0.0,0.0,0.0,0.0,0.0,0.0,0.0,0.0,0.0,0.0,2.014505512994305,2.7854899018401724,2
1530963979,2.0,-1.0,1.0,1.0,1.0,1.0,-1.0,2.0,-1.0,-2.0,0.0,0.8178360098063744,2.933925665214863,2
1096581456,2.0,2.0,-1.0,2.0,2.0,1.0,-1.0,-1.0,2.0,2.0,1.0,-0.08177026528353833,1.9574793421691545,2
213156702,-1.0,-1.0,-1.0,2.0,2.0,1.0,1.0,2.0,2.0,1.0,2.0,1.7937580627965872,-1.9644238519190613,0
283090242,-2.0,-2.0,-2.0,2.0,2.0,1.0,2.0,0.0,0.0,0.0,0.0,4.27187918103259,-0.4356395711247922,0
554160714,2.0,2.0,2.0,2.0,1.0,1.0,2.0,2.0,2.0,2.0,1.0,-3.033578508388641,0.2736248216519634,1
1087223831,2.0,-2.0,-1.0,2.0,2.0,2.0,2.0,-2.0,2.0,2.0,-1.0,1.7242046710377843,1.6105695192470773,2
1812029662,1.0,2.0,1.0,2.0,2.0,2.0,2.0,2.0,2.0,2.0,2.0,-2.3525212703882183,-1.0394198106046761,1
361480051,2.0,2.0,2.0,2.0,0.0,2.0,-2.0,1.0,-1.0,0.0,0.0,-1.3370010249502173,3.6704426264749137,2
1637568791,2.0,2.0,2.0,2.0,2.0,2.0,-2.0,-2.0,2.0,2.0,2.0,-1.580630041898952,2.726854478260352,2
1949189044,2.0,2.0,1.0,2.0,2.0,2.0,2.0,2.0,2.0,1.0,2.0,-2.6846063595323697,-0.4021025082106563,1
793573010,2.0,2.0,2.0,2.0,2.0,2.0,2.0,2.0,2.0,2.0,1.0,-3.248163098099953,-0.06121928286974428,1
1644093079,-1.0,1.0,0.0,2.0,2.0,2.0,2.0,2.0,2.0,2.0,2.0,-0.309075202487014,-2.1401563414948543,1
180005290,-2.0,2.0,2.0,2.0,2.0,2.0,2.0,2.0,2.0,1.0,2.0,-1.2659192061893096,-1.7536215682897411,1
1091199495,-1.0,-1.0,-1.0,1.0,2.0,1.0,1.0,2.0,2.0,2.0,2.0,1.7207795963455836,-1.905474888980718,0
1686745698,2.0,2.0,2.0,2.0,2.0,2.0,1.0,-2.0,2.0,2.0,-1.0,-1.764682660741783,3.0974250386881153,2
465722307,-2.0,1.0,1.0,0.0,1.0,1.0,1.0,-1.0,1.0,1.0,1.0,1.3684555015990674,1.3249189312880694,2
1752912022,-2.0,2.0,-2.0,2.0,2.0,2.0,2.0,2.0,2.0,2.0,2.0,0.7648545060021558,-2.697044158488176,0
158396721,-2.0,-2.0,-1.0,2.0,1.0,1.0,-2.0,2.0,2.0,1.0,1.0,3.605207666549966,-0.9692961132794216,0
1003159960,1.0,2.0,2.0,2.0,2.0,2.0,2.0,2.0,2.0,2.0,2.0,-2.9000840467570397,-0.8676904631848926,1
1116962699,-2.0,-2.0,-2.0,-1.0,-1.0,2.0,1.0,2.0,2.0,2.0,2.0,3.4276462516367574,-1.4843068279971754,0
1355134476,-1.0,2.0,0.0,0.0,0.0,0.0,0.0,0.0,0.0,0.0,0.0,1.4805513420693894,2.739443759407378,2
1578985238,1.0,1.0,-1.0,2.0,2.0,1.0,1.0,-2.0,2.0,1.0,-2.0,1.3507294400833778,2.839793231413174,2
452062771,1.0,2.0,2.0,2.0,2.0,1.0,2.0,1.0,2.0,2.0,2.0,-2.4867220907227856,-0.24280577396975184,1
869275284,1.0,1.0,1.0,2.0,1.0,2.0,2.0,2.0,2.0,1.0,2.0,-1.6311430989620517,-0.7390405229049793,1
1870673006,-1.0,-1.0,1.0,2.0,1.0,1.0,0.0,0.0,0.0,0.0,0.0,2.0836811023529536,1.4432717362272784,2
1611678030,-1.0,2.0,2.0,1.0,1.0,2.0,1.0,1.0,-1.0,1.0,1.0,-0.7424208387662755,1.043632463553788,1
1449359631,-2.0,2.0,-2.0,-2.0,2.0,2.0,2.0,2.0,2.0,-2.0,2.0,1.7487597864686955,-0.4092067025803833,0
520867905,2.0,2.0,2.0,-1.0,2.0,-2.0,1.0,2.0,2.0,2.0,-1.0,-1.8350965984170948,2.53294507316331,2
1869175265,-2.0,2.0,1.0,-1.0,1.0,2.0,-1.0,1.0,2.0,-1.0,1.0,0.9151437496834097,1.578642447532124,2
925691330,2.0,2.0,2.0,1.0,2.0,1.0,2.0,2.0,2.0,2.0,2.0,-3.1397054641067874,-0.04783716023217759,1
1639730028,2.0,2.0,2.0,2.0,1.0,2.0,2.0,-2.0,1.0,1.0,2.0,-2.096953440397995,2.206287316248551,1
428115553,1.0,2.0,1.0,2.0,2.0,2.0,1.0,2.0,2.0,-2.0,-1.0,-1.0793270999651012,1.565713785091673,1
801140051,-1.0,-1.0,-1.0,2.0,2.0,1.0,2.0,-1.0,2.0,2.0,2.0,2.173205818846641,-1.0191716559518427,0
527346882,-2.0,1.0,-2.0,2.0,2.0,2.0,1.0,2.0,2.0,2.0,1.0,1.6259305677963243,-2.1366325014708623,0
750139983,-1.0,2.0,0.0,2.0,2.0,2.0,0.0,0.0,2.0,0.0,0.0,0.689596363217326,0.9984216159308392,2
797188532,2.0,-1.0,1.0,2.0,2.0,2.0,2.0,1.0,2.0,2.0,2.0,-1.057888954998014,-0.6594589962980545,1
2056995994,2.0,2.0,2.0,1.0,1.0,2.0,2.0,2.0,2.0,2.0,-1.0,-2.825554857631117,1.3168101043701197,1
607887753,-1.0,1.0,2.0,2.0,2.0,1.0,2.0,2.0,2.0,2.0,2.0,-1.2387586169792493,-1.6731106090349352,1
921320644,1.0,1.0,1.0,2.0,2.0,2.0,1.0,2.0,2.0,2.0,2.0,-1.634928639679108,-0.9046672320277935,1
1944505371,1.0,1.0,2.0,2.0,2.0,2.0,2.0,2.0,2.0,2.0,2.0,-2.387325720080597,-1.0350734429058541,1
226931725,1.0,2.0,1.0,1.0,2.0,2.0,2.0,2.0,2.0,2.0,2.0,-2.2660223435554028,-0.7239656471470304,1
1584467874,2.0,2.0,2.0,-2.0,1.0,2.0,2.0,2.0,2.0,2.0,2.0,-2.9965083703878426,0.986195359421762,1
64077523,2.0,2.0,1.0,2.0,1.0,2.0,2.0,1.0,1.0,1.0,-1.0,-1.8626998241405415,1.8076422493656976,1
1687214970,1.0,2.0,2.0,2.0,2.0,2.0,-2.0,2.0,2.0,2.0,2.0,-2.0807468306263686,0.34085177000648187,1
308944619,-1.0,1.0,-1.0,1.0,1.0,2.0,1.0,-1.0,2.0,1.0,1.0,1.625683533948613,0.703018333486306,0
1097093710,-2.0,-2.0,-2.0,2.0,2.0,2.0,2.0,2.0,2.0,2.0,2.0,2.8158878127079277,-3.366576077372021,0
762407682,-1.0,1.0,2.0,1.0,2.0,1.0,2.0,-1.0,1.0,1.0,-1.0,0.27582142264100246,1.8999317488065883,2
1825887110,1.0,2.0,2.0,1.0,0.0,2.0,2.0,2.0,2.0,2.0,1.0,-2.5718167859073566,0.29593691251589477,1
104195290,1.0,1.0,1.0,2.0,2.0,1.0,0.0,2.0,2.0,2.0,2.0,-1.2646521974010334,-0.4789446361095973,1
1055668102,2.0,2.0,2.0,2.0,2.0,2.0,1.0,1.0,2.0,2.0,2.0,-2.9388924073634954,0.3165548485824559,1
896943258,0.0,1.0,1.0,1.0,1.0,1.0,0.0,0.0,2.0,2.0,2.0,-0.14160870109664883,0.6695497955642632,1
1223294631,-2.0,2.0,2.0,-1.0,0.0,2.0,0.0,2.0,2.0,2.0,2.0,-0.6579463079775366,-0.036979028037709076,1
1003917262,1.0,-1.0,1.0,2.0,2.0,2.0,1.0,1.0,2.0,1.0,2.0,-0.20201477525355657,-0.4816303393556251,1
1117408047,2.0,2.0,2.0,2.0,2.0,2.0,2.0,2.0,2.0,2.0,2.0,-3.39164652918501,-0.48687836131017587,1
924268297,-1.0,2.0,1.0,2.0,2.0,2.0,2.0,2.0,2.0,2.0,2.0,-1.369396305532278,-1.8010440143541098,1
786858132,-1.0,2.0,2.0,2.0,2.0,2.0,2.0,2.0,2.0,2.0,2.0,-1.9169590819010993,-1.6293146669343266,1
989704491,-2.0,2.0,0.0,1.0,0.0,1.0,2.0,2.0,2.0,-1.0,2.0,0.49838710112600404,-0.7225145272099933,0
1705939242,1.0,-1.0,-1.0,2.0,2.0,2.0,2.0,2.0,2.0,2.0,1.0,0.4243626934638093,-1.4593683661666943,0
1230733062,1.0,1.0,1.0,1.0,2.0,1.0,1.0,2.0,2.0,2.0,2.0,-1.3829875746008855,-0.4656260309497953,1
1721401558,2.0,1.0,-1.0,1.0,2.0,2.0,2.0,1.0,1.0,1.0,1.0,-0.5044263315296607,0.5496795144805974,1
1782704065,-2.0,1.0,1.0,2.0,1.0,2.0,2.0,1.0,2.0,2.0,-1.0,0.36243706608205956,-0.35970714213234983,1
1699712735,-1.0,2.0,2.0,2.0,2.0,2.0,2.0,-2.0,1.0,-1.0,1.0,-0.20897022692729283,1.7912634232020819,2
1891867420,-1.0,1.0,0.0,2.0,1.0,1.0,2.0,-1.0,2.0,1.0,1.0,0.9522296649597154,0.38074499677095236,0
743459910,-1.0,0.0,1.0,1.0,1.0,1.0,2.0,2.0,2.0,1.0,2.0,0.11668125764855464,-1.2290065052973762,1
1880831007,2.0,1.0,1.0,1.0,2.0,1.0,2.0,2.0,2.0,-1.0,1.0,-1.457468750125008,0.8082251926254175,1
1420441570,1.0,-1.0,-1.0,2.0,2.0,1.0,2.0,2.0,2.0,2.0,2.0,0.4463214006241589,-1.7614404069867735,0
1286807870,1.0,-2.0,-1.0,2.0,1.0,1.0,1.0,2.0,2.0,2.0,-1.0,1.6435067760543476,-0.13845352618724097,0
360866532,-1.0,1.0,1.0,1.0,2.0,2.0,-1.0,-2.0,2.0,-2.0,2.0,1.473952704365648,2.284645252732469,2
1692191675,1.0,1.0,2.0,2.0,-1.0,2.0,1.0,2.0,2.0,2.0,2.0,-2.0350640616502145,-0.09916668390394484,1
731895818,2.0,2.0,2.0,-1.0,2.0,2.0,2.0,2.0,2.0,1.0,2.0,-2.9726723554027443,0.7159893295820637,1
253933770,-1.0,-1.0,-2.0,-1.0,-1.0,-1.0,-1.0,2.0,1.0,1.0,1.0,3.726675262584681,0.9412975657738983,0
1306441485,-2.0,2.0,-1.0,2.0,-2.0,2.0,2.0,2.0,2.0,2.0,2.0,0.4138615354969546,-1.6802865434629723,0
714144280,-2.0,1.0,-1.0,2.0,2.0,2.0,2.0,-2.0,2.0,2.0,2.0,1.7217293274651648,-0.6875071844102014,0
521698938,1.0,2.0,2.0,1.0,1.0,2.0,1.0,2.0,2.0,2.0,1.0,-2.4161249333405936,0.38681540391238317,1
831536261,-2.0,2.0,2.0,2.0,2.0,2.0,2.0,2.0,2.0,2.0,2.0,-1.4253965994731288,-2.0101267688090436,1
1452606921,1.0,1.0,1.0,2.0,2.0,1.0,2.0,2.0,2.0,2.0,1.0,-1.530837374381311,-0.657556674264853,1
681277659,-2.0,1.0,2.0,2.0,1.0,-1.0,-1.0,-1.0,-1.0,-1.0,-2.0,2.3266407817073835,3.9475983875066856,2
1171126142,2.0,2.0,1.0,2.0,2.0,1.0,2.0,2.0,2.0,1.0,2.0,-2.5191642212869625,-0.27851547059030374,1
2093050619,2.0,1.0,2.0,2.0,1.0,1.0,2.0,1.0,2.0,-1.0,2.0,-1.9379516151569507,0.9513960166432668,1
1689302629,2.0,1.0,2.0,2.0,1.0,-1.0,2.0,2.0,2.0,-1.0,1.0,-1.711503725369926,1.1229315187296154,1
1426597649,-1.0,1.0,1.0,2.0,2.0,2.0,1.0,2.0,2.0,2.0,2.0,-0.6518036748231675,-1.6662914357772274,1
1655540906,0.0,0.0,0.0,0.0,0.0,0.0,0.0,0.0,0.0,0.0,0.0,2.014505512994305,2.7854899018401724,2
49522051,-2.0,-2.0,-2.0,1.0,2.0,1.0,1.0,-1.0,1.0,-1.0,0.0,4.876215650088836,0.7195401989858724,0
357287840,2.0,2.0,2.0,1.0,1.0,2.0,2.0,-2.0,1.0,1.0,1.0,-1.866971082480122,2.9474005581466285,2
1351751626,-1.0,-1.0,-1.0,-2.0,-1.0,1.0,1.0,2.0,2.0,-1.0,-1.0,3.0365862043483767,1.7211516389754868,2
1762561585,-2.0,-2.0,-2.0,-2.0,1.0,1.0,1.0,-1.0,1.0,1.0,-2.0,5.152866957655664,2.215467512102422,2
1002479342,1.0,2.0,1.0,1.0,1.0,-1.0,2.0,2.0,2.0,0.0,0.0,-1.1146318286155232,1.2223810905348511,1
698022708,-1.0,1.0,1.0,2.0,2.0,1.0,0.0,-1.0,2.0,1.0,2.0,0.621709614105267,0.5198293154446363,2
934995235,-2.0,-2.0,-2.0,2.0,1.0,1.0,-1.0,2.0,2.0,1.0,2.0,3.804452707801062,-1.8688200974374802,0
38098275,1.0,-1.0,1.0,1.0,1.0,1.0,2.0,2.0,2.0,2.0,2.0,-0.5131627738147627,-0.8912704817882062,1
1344376935,2.0,2.0,2.0,-1.0,0.0,1.0,1.0,1.0,2.0,2.0,-1.0,-1.9852182924326593,3.0859957456997513,2
1034661234,1.0,2.0,1.0,1.0,1.0,1.0,1.0,1.0,1.0,1.0,1.0,-1.2013288347717956,1.3166887499859594,1
1671103335,-1.0,-2.0,-1.0,2.0,2.0,2.0,2.0,2.0,2.0,2.0,2.0,1.7767625539111356,-2.8140346280775206,0
1163081233,1.0,-1.0,1.0,2.0,1.0,2.0,-2.0,2.0,2.0,2.0,2.0,0.05423337723768554,-0.12176944967482978,1
976595382,-2.0,-2.0,-2.0,1.0,2.0,0.0,1.0,-2.0,2.0,-2.0,2.0,5.06769416435489,0.5293991280805369,0
118326945,-2.0,2.0,2.0,-1.0,2.0,0.0,-2.0,2.0,2.0,-2.0,-1.0,1.052681540037253,2.6949500673944784,2
1742750094,2.0,-2.0,-1.0,-2.0,2.0,2.0,-1.0,2.0,2.0,2.0,2.0,1.2625737260564902,0.49662500627074285,0
1912076563,1.0,1.0,-1.0,2.0,2.0,2.0,2.0,2.0,2.0,2.0,2.0,-0.7446373909741337,-1.5502614851652035,1
1009822589,2.0,2.0,2.0,-2.0,2.0,-2.0,2.0,-2.0,2.0,-2.0,-2.0,-0.18035970024122472,6.003134165219907,2
762256401,-2.0,-2.0,-2.0,2.0,2.0,0.0,1.0,-2.0,2.0,1.0,0.0,4.789729919840732,0.29574751994584636,0
1168233811,-1.0,-1.0,1.0,2.0,2.0,2.0,2.0,2.0,2.0,2.0,2.0,0.16887867449705043,-2.3031929535169935,0
1872116343,1.0,1.0,1.0,1.0,1.0,1.0,1.0,2.0,1.0,1.0,2.0,-1.0799737569692576,0.22234904022977836,1
474395904,-2.0,1.0,1.0,2.0,2.0,2.0,2.0,1.0,2.0,1.0,-1.0,0.4727720078999738,-0.3144590085144025,0
1260247384,-1.0,-2.0,-1.0,1.0,2.0,1.0,1.0,2.0,2.0,1.0,-1.0,2.823465609561018,-0.5393754328610819,0
1598316889,1.0,-1.0,-1.0,1.0,1.0,-1.0,1.0,1.0,2.0,2.0,1.0,1.509084608320266,0.24153718694599613,0
88350449,-2.0,-1.0,-1.0,-1.0,2.0,1.0,2.0,-2.0,2.0,2.0,1.0,3.315668330646962,0.4733354625815971,0
2071348927,-2.0,2.0,2.0,2.0,2.0,2.0,2.0,-2.0,2.0,-2.0,2.0,0.20419224481753542,1.0210846396473199,2
1086140372,-2.0,-1.0,-1.0,1.0,2.0,1.0,1.0,2.0,2.0,2.0,2.0,2.212342078773554,-2.286286990855435,0
668776243,-2.0,1.0,1.0,2.0,2.0,1.0,2.0,1.0,2.0,2.0,2.0,0.04828645960638897,-1.7243544067346472,1
2021376235,-1.0,2.0,0.0,-1.0,2.0,2.0,1.0,2.0,2.0,1.0,2.0,-0.19802505134852294,-0.46777011258380996,1
2029553768,-2.0,-2.0,-1.0,1.0,1.0,1.0,2.0,1.0,2.0,2.0,2.0,2.817328370672081,-2.043250810378096,0
1564977904,-1.0,-2.0,1.0,2.0,2.0,1.0,2.0,2.0,2.0,2.0,1.0,0.990562570503958,-1.9213298171771704,0
1056076413,-2.0,-2.0,-2.0,1.0,2.0,2.0,-2.0,-2.0,2.0,2.0,2.0,4.713403226826801,0.16261092565615204,0
623008326,1.0,-1.0,1.0,-1.0,2.0,1.0,1.0,1.0,1.0,1.0,1.0,0.46080154745725893,1.2341910708370118,2
430231965,1.0,2.0,2.0,2.0,2.0,2.0,2.0,2.0,2.0,2.0,2.0,-2.9000840467570397,-0.8676904631848926,1
357023114,-2.0,1.0,2.0,2.0,2.0,2.0,1.0,2.0,2.0,-1.0,2.0,-0.2293717889125605,-1.1058585886742531,1
1623822409,-2.0,1.0,2.0,2.0,2.0,2.0,1.0,2.0,2.0,-1.0,2.0,-0.2293717889125605,-1.1058585886742531,1
1363595540,-2.0,1.0,1.0,2.0,2.0,2.0,2.0,2.0,2.0,-2.0,2.0,0.2728340767074122,-1.3232182938725774,0
1168818637,-1.0,2.0,1.0,2.0,2.0,1.0,2.0,1.0,2.0,2.0,2.0,-0.9560343494980242,-1.176159325138969,1
885636344,-1.0,-1.0,-1.0,-2.0,1.0,1.0,-1.0,-2.0,1.0,1.0,-1.0,4.115088366951554,3.6153016308679273,2
347411443,-1.0,-1.0,1.0,2.0,2.0,1.0,1.0,0.0,1.0,1.0,1.0,1.4323495496035998,0.02750202830942944,0
2115311750,1.0,-2.0,0.0,-2.0,1.0,1.0,2.0,-1.0,2.0,1.0,1.0,1.8533753874643657,1.902036915188085,2
845379173,2.0,2.0,2.0,2.0,2.0,2.0,2.0,2.0,2.0,2.0,2.0,-3.39164652918501,-0.48687836131017587,1
937199443,1.0,-2.0,1.0,-1.0,2.0,1.0,1.0,1.0,1.0,1.0,1.0,0.9735598741337017,1.0668080911160507,2
1796685568,2.0,2.0,2.0,2.0,-1.0,2.0,-2.0,2.0,2.0,2.0,2.0,-2.424881958656624,1.3554350725852642,1
795901026,1.0,1.0,1.0,2.0,2.0,1.0,2.0,2.0,2.0,2.0,1.0,-1.530837374381311,-0.657556674264853,1
1927909433,2.0,2.0,2.0,-1.0,2.0,2.0,2.0,2.0,2.0,2.0,2.0,-3.1321497486865635,0.4594841290627611,1
1301671569,-2.0,-2.0,-2.0,2.0,2.0,2.0,-2.0,1.0,2.0,2.0,2.0,3.883144846627445,-1.6567361925858584,0
644403471,-2.0,2.0,1.0,2.0,2.0,2.0,-2.0,2.0,2.0,1.0,0.0,0.3879476484802977,0.13450947436271377,1
1148276372,-2.0,2.0,2.0,2.0,2.0,2.0,2.0,2.0,2.0,2.0,2.0,-1.4253965994731288,-2.0101267688090436,1
647984989,-2.0,1.0,-1.0,2.0,1.0,2.0,2.0,2.0,2.0,2.0,2.0,0.7791925077756826,-2.481440723887999,0
1183309353,-1.0,-1.0,-2.0,2.0,2.0,2.0,2.0,-2.0,2.0,2.0,2.0,2.803246274758902,-0.81319038939719,0
9826590,-2.0,2.0,1.0,1.0,-1.0,-1.0,2.0,2.0,2.0,2.0,2.0,-0.1475811271375558,-0.8618696392060579,1
1454625740,-2.0,2.0,1.0,2.0,2.0,2.0,1.0,1.0,2.0,1.0,2.0,-0.2656023079989739,-1.1219177058168923,1
737715271,1.0,0.0,0.0,1.0,2.0,2.0,0.0,1.0,2.0,2.0,0.0,0.25161237419060106,0.7264259710626029,1
68236459,-2.0,2.0,2.0,2.0,1.0,1.0,-1.0,0.0,2.0,-1.0,2.0,0.3779627177653379,1.0032349153536795,2
1886246311,-2.0,0.0,1.0,2.0,1.0,-1.0,2.0,2.0,1.0,-1.0,2.0,1.2659778491840659,-0.9448754905915123,0
1506417892,-2.0,-2.0,-1.0,1.0,1.0,1.0,1.0,1.0,-2.0,-1.0,-1.0,4.308621039338995,1.1862287998346135,0
1540429594,1.0,-2.0,-1.0,2.0,2.0,1.0,1.0,1.0,2.0,2.0,2.0,1.4118338491221165,-1.1253901768151027,0
544858114,-1.0,2.0,2.0,2.0,2.0,2.0,2.0,2.0,2.0,2.0,2.0,-1.9169590819010993,-1.6293146669343266,1
322832216,-2.0,-2.0,-2.0,2.0,2.0,1.0,2.0,2.0,2.0,-2.0,2.0,3.619239524088612,-2.2169682376744584,0
971449603,1.0,1.0,1.0,1.0,-2.0,1.0,2.0,1.0,1.0,2.0,1.0,-0.905454851014125,1.2244362121519174,1
1120511603,1.0,-1.0,-1.0,1.0,1.0,2.0,2.0,0.0,2.0,-1.0,0.0,1.677759318276739,1.2651128473802224,2
99542658,-1.0,2.0,2.0,1.0,0.0,1.0,2.0,-1.0,2.0,1.0,0.0,-0.37652940507059185,1.8439569801309124,2
338872616,0.0,1.0,0.0,2.0,2.0,1.0,2.0,2.0,2.0,0.0,0.0,-0.029273897931823584,-0.27142864408031636,1
1182410391,0.0,2.0,2.0,2.0,2.0,2.0,2.0,2.0,2.0,2.0,2.0,-2.4085215643290696,-1.2485025650596098,1
404235755,1.0,1.0,1.0,1.0,1.0,1.0,1.0,1.0,1.0,1.0,1.0,-0.688570508095353,1.1493057702649982,1
790084440,1.0,1.0,-1.0,2.0,2.0,0.0,1.0,-2.0,2.0,1.0,1.0,1.0857212850736124,1.6864030337122324,2
1994320711,-1.0,0.0,1.0,2.0,2.0,2.0,2.0,2.0,2.0,2.0,2.0,-0.3438796521793924,-2.1358099737960323,1
663961779,1.0,1.0,-1.0,2.0,2.0,2.0,1.0,2.0,2.0,2.0,2.0,-0.539803086941466,-1.24812592686736,1
954533954,-2.0,-2.0,-1.0,2.0,2.0,1.0,2.0,2.0,1.0,1.0,1.0,2.8311219718352936,-2.168882609613235,0
943461534,-2.0,1.0,-1.0,2.0,1.0,2.0,2.0,2.0,2.0,1.0,2.0,0.9386699010595019,-2.2249355233686967,0
410046113,-2.0,0.0,1.0,2.0,2.0,1.0,2.0,2.0,2.0,2.0,2.0,0.31312496849398497,-2.393035038050397,0
2136675802,1.0,0.0,-1.0,1.0,1.0,2.0,1.0,2.0,2.0,2.0,2.0,0.1085966180336975,-0.8887976762293203,1
412397091,2.0,2.0,2.0,2.0,2.0,2.0,2.0,2.0,2.0,2.0,2.0,-3.39164652918501,-0.48687836131017587,1
1249101176,1.0,2.0,2.0,-1.0,0.0,1.0,0.0,-2.0,-1.0,1.0,-2.0,0.04108069040910827,5.854014847143723,2
1956260631,2.0,2.0,2.0,2.0,2.0,2.0,2.0,-2.0,1.0,1.0,-1.0,-1.7156455986087276,3.2720074846684906,2
1050244305,-2.0,-2.0,-2.0,2.0,2.0,-2.0,-2.0,-2.0,2.0,2.0,1.0,5.432156284060671,0.7671639911203484,0
519453494,1.0,2.0,2.0,2.0,2.0,2.0,2.0,2.0,2.0,2.0,2.0,-2.9000840467570397,-0.8676904631848926,1
1198032149,2.0,-2.0,1.0,2.0,2.0,2.0,2.0,-1.0,2.0,2.0,2.0,-0.04929099274387745,0.17575332717056064,1
1901852364,-2.0,-2.0,-2.0,-2.0,2.0,2.0,-2.0,-1.0,1.0,-2.0,-1.0,5.887734028808756,3.130886605591722,2
2084749029,-1.0,-2.0,-2.0,2.0,2.0,2.0,1.0,2.0,2.0,1.0,1.0,2.8321204586815014,-2.0014641382397262,0
1307435845,-2.0,-1.0,2.0,2.0,1.0,2.0,2.0,2.0,2.0,2.0,2.0,0.16202083202210452,-2.301018641070572,0
2016930283,1.0,1.0,1.0,-2.0,-1.0,1.0,-2.0,2.0,2.0,1.0,1.0,-0.058599703237843706,2.7030786139804723,2
765798552,2.0,2.0,0.0,-1.0,0.0,1.0,-1.0,-1.0,1.0,2.0,1.0,-0.17715738534019848,3.718298117523501,2
1475966962,-2.0,1.0,-2.0,1.0,2.0,1.0,1.0,1.0,2.0,2.0,2.0,1.9823080195783362,-1.6219527272385077,0
86450552,-2.0,2.0,2.0,1.0,1.0,2.0,2.0,-2.0,1.0,2.0,-2.0,0.37025174720311305,2.4446241854497526,2
1668466619,-1.0,2.0,2.0,1.0,1.0,2.0,1.0,1.0,2.0,2.0,2.0,-1.328563581780864,-0.299170226682694,1
2085947926,-2.0,-2.0,-2.0,2.0,0.0,-2.0,2.0,2.0,1.0,1.0,2.0,3.829812634787088,-1.972995788809682,0
782492548,1.0,2.0,2.0,2.0,2.0,2.0,2.0,2.0,2.0,1.0,2.0,-2.7406066534732205,-0.61118526266559,1
1758630437,-2.0,-2.0,-2.0,2.0,2.0,2.0,-2.0,2.0,2.0,1.0,2.0,3.7947024221224175,-1.901528643661344,0
1272143508,-2.0,-2.0,-2.0,2.0,2.0,2.0,-2.0,2.0,2.0,-1.0,2.0,4.113657208690056,-1.3885182426227387,0
1256863338,1.0,2.0,2.0,2.0,2.0,2.0,1.0,1.0,2.0,2.0,2.0,-2.447329924935525,-0.06425725329226079,1
1732309398,-2.0,-1.0,-1.0,1.0,2.0,-1.0,2.0,2.0,2.0,1.0,2.0,2.497869444515519,-2.0847432733932707,0
1932810501,-1.0,-2.0,-1.0,2.0,2.0,2.0,2.0,2.0,2.0,1.0,2.0,1.9362399471949547,-2.557529427558218,0
548585367,-2.0,-2.0,-2.0,0.0,2.0,-1.0,2.0,2.0,-1.0,-2.0,-2.0,4.980237297230999,1.0243888895200126,0
995097863,-2.0,-2.0,-2.0,2.0,2.0,-2.0,-2.0,-2.0,2.0,2.0,2.0,5.288672852975614,0.34150491267991673,0
103377094,-2.0,-2.0,-2.0,1.0,1.0,1.0,1.0,1.0,2.0,1.0,1.0,3.8726862754424465,-1.2306803205403019,0
334683068,-1.0,2.0,2.0,1.0,2.0,2.0,2.0,2.0,2.0,2.0,2.0,-1.8304601550682837,-1.313860503476681,1
703783375,-1.0,1.0,1.0,2.0,2.0,2.0,2.0,1.0,2.0,1.0,2.0,-0.4492407677831691,-1.2106241419609802,1
967323329,-1.0,2.0,2.0,0.0,0.0,1.0,-2.0,2.0,2.0,1.0,0.0,-0.2144527154736456,1.8640604219955679,2
1505033186,0.0,0.0,0.0,0.0,0.0,0.0,0.0,0.0,0.0,0.0,0.0,2.014505512994305,2.7854899018401724,2
1777184886,-2.0,2.0,1.0,2.0,1.0,-1.0,2.0,2.0,1.0,2.0,1.0,-0.09448755293521995,-0.9539660542670663,1
1100336051,-2.0,-1.0,-1.0,2.0,2.0,1.0,2.0,-2.0,2.0,2.0,-2.0,3.4866218434036877,0.8039502075299549,0
2007587751,1.0,-1.0,1.0,2.0,2.0,2.0,2.0,2.0,2.0,2.0,1.0,-0.6707628592738328,-1.115909671327128,1
1681731533,-1.0,2.0,2.0,-1.0,1.0,2.0,1.0,2.0,2.0,1.0,2.0,-1.2440081526202604,0.08694564915711167,1
1580449296,1.0,1.0,1.0,-1.0,-1.0,1.0,-1.0,2.0,2.0,2.0,2.0,-0.6528937584722039,1.4033246132652486,1
1447509065,-1.0,-2.0,-2.0,-1.0,1.0,2.0,0.0,0.0,0.0,0.0,0.0,4.3331824003889,1.5834761669995518,0
973484250,-2.0,2.0,2.0,2.0,2.0,1.0,2.0,0.0,2.0,1.0,2.0,-0.6046374323662089,-0.6274392274798118,1
104963053,2.0,-1.0,2.0,2.0,2.0,2.0,2.0,2.0,2.0,2.0,2.0,-1.853371549155682,-0.9890273004730595,1
1810683500,2.0,0.0,1.0,2.0,2.0,2.0,2.0,0.0,1.0,1.0,1.0,-0.9253726666348292,0.911598717736345,1
362261272,2.0,2.0,2.0,1.0,0.0,0.0,0.0,0.0,0.0,0.0,0.0,-1.17576058478498,3.9098845964134497,2
2030399769,-1.0,1.0,-1.0,2.0,2.0,1.0,1.0,1.0,2.0,1.0,1.0,1.1596446583176059,-0.7027011624419185,0
568550475,2.0,2.0,-1.0,1.0,0.0,-1.0,0.0,-2.0,0.0,-2.0,-2.0,1.7341311668823385,5.885207452883497,2
494670779,2.0,2.0,2.0,-1.0,1.0,1.0,1.0,2.0,2.0,1.0,2.0,-2.5532534616587643,1.3529689924016153,1
1849921374,2.0,2.0,2.0,2.0,2.0,0.0,2.0,2.0,2.0,2.0,2.0,-3.0607622526941958,-0.23970428606947064,1
1796367009,1.0,1.0,-1.0,2.0,2.0,-1.0,2.0,1.0,2.0,1.0,1.0,0.30256966591981127,0.003961558250376686,1
1112667155,1.0,-1.0,-1.0,2.0,2.0,1.0,2.0,1.0,1.0,0.0,1.0,1.251073408947606,-0.10126047215403244,0
1859971674,1.0,2.0,1.0,2.0,0.0,2.0,-1.0,-1.0,2.0,-2.0,-2.0,0.3158692954836422,4.522051068714867,2
1790117922,-2.0,1.0,1.0,1.0,2.0,2.0,1.0,1.0,2.0,2.0,1.0,0.31766098331152276,-0.8046926441590789,0
829444533,2.0,2.0,2.0,-1.0,-1.0,2.0,1.0,-1.0,2.0,2.0,2.0,-2.0361286368896403,2.8992838428490355,2
396798176,-1.0,1.0,1.0,2.0,2.0,2.0,2.0,2.0,2.0,2.0,2.0,-0.8566379788558353,-1.968426994075071,1
221584388,2.0,2.0,2.0,2.0,2.0,2.0,2.0,2.0,2.0,2.0,2.0,-3.39164652918501,-0.48687836131017587,1
715600589,2.0,2.0,2.0,2.0,1.0,2.0,1.0,-2.0,1.0,2.0,-2.0,-1.4776628053089162,3.954553987788818,2
40587712,-2.0,-1.0,1.0,2.0,2.0,2.0,2.0,2.0,2.0,2.0,2.0,0.6604411569250206,-2.6840050553917103,0
1405519462,1.0,1.0,1.0,2.0,2.0,2.0,2.0,2.0,2.0,2.0,2.0,-1.839762943711776,-1.2068027903256373,1
1688305344,1.0,2.0,2.0,-1.0,0.0,2.0,2.0,2.0,2.0,2.0,1.0,-2.3988189322417255,0.926845239431186,1
1348816047,-2.0,2.0,1.0,2.0,2.0,2.0,2.0,2.0,2.0,2.0,2.0,-0.8778338231043077,-2.181856116228827,1
1920762061,-1.0,2.0,2.0,-1.0,2.0,0.0,1.0,2.0,2.0,2.0,2.0,-1.1217437208791705,-0.1336425430228409,1
1488049584,2.0,2.0,2.0,2.0,2.0,2.0,2.0,2.0,2.0,2.0,1.0,-3.248163098099953,-0.06121928286974428,1
1025807732,-2.0,1.0,-2.0,-2.0,2.0,1.0,1.0,2.0,2.0,1.0,2.0,2.153362375571756,-0.9203826879410562,0
300228138,-1.0,1.0,-1.0,2.0,2.0,2.0,2.0,2.0,2.0,2.0,2.0,0.2384875738818071,-2.311885688914637,0
454020978,-2.0,-2.0,-2.0,2.0,2.0,2.0,-2.0,2.0,2.0,2.0,1.0,3.7787084599236556,-1.7323747657402149,0
1981929457,-1.0,2.0,2.0,-1.0,-1.0,2.0,1.0,-1.0,2.0,1.0,-1.0,0.028486496933262655,3.2903299730654814,2
2139846098,-1.0,2.0,2.0,2.0,0.0,2.0,1.0,2.0,2.0,1.0,2.0,-1.4543624816528022,-0.6481597743144699,1
273381580,1.0,-2.0,-1.0,2.0,2.0,1.0,2.0,-1.0,2.0,1.0,2.0,1.8623165739509615,-0.1684252314040672,0
96626853,-1.0,1.0,2.0,2.0,2.0,2.0,1.0,1.0,2.0,2.0,2.0,-0.951446633403142,-0.9932644367626559,1
1869385453,1.0,1.0,-1.0,2.0,1.0,1.0,0.0,1.0,2.0,1.0,1.0,0.4304964489602376,0.5723156665067141,1
867845297,-1.0,2.0,2.0,2.0,2.0,2.0,2.0,2.0,2.0,1.0,2.0,-1.7574816886172802,-1.372809466415024,1
1323012966,-2.0,2.0,1.0,2.0,2.0,1.0,1.0,2.0,2.0,2.0,2.0,-0.5075573808262328,-1.7561335203106305,1
654721633,-2.0,-2.0,-2.0,1.0,1.0,2.0,-1.0,2.0,1.0,2.0,1.0,3.8039095070716127,-1.2875862899201416,0
1196002838,-1.0,1.0,1.0,2.0,2.0,2.0,2.0,2.0,2.0,2.0,2.0,-0.8566379788558353,-1.968426994075071,1
2087145908,1.0,-1.0,-1.0,2.0,2.0,1.0,2.0,2.0,2.0,2.0,2.0,0.4463214006241589,-1.7614404069867735,0
725033348,1.0,-1.0,1.0,2.0,2.0,1.0,2.0,-1.0,2.0,2.0,2.0,0.0949553012530571,0.08591124263715766,1
1669584729,-2.0,1.0,2.0,2.0,2.0,2.0,0.0,2.0,2.0,1.0,2.0,-0.3434922714475313,-1.3167334314150148,1
1617899948,2.0,2.0,2.0,1.0,2.0,2.0,2.0,2.0,2.0,1.0,1.0,-3.0021867779833182,0.5107400811072041,1
1703686094,1.0,1.0,1.0,1.0,1.0,1.0,2.0,2.0,2.0,2.0,2.0,-1.5386794271676483,-0.5565045223462839,1
374165999,-2.0,2.0,2.0,2.0,2.0,2.0,2.0,2.0,2.0,2.0,0.0,-1.1384297373030137,-1.1588086119281804,1
754548669,1.0,2.0,0.0,1.0,1.0,1.0,0.0,-1.0,2.0,2.0,2.0,-0.350446916043394,1.5473131813349463,2
1741902410,-1.0,1.0,-1.0,2.0,-1.0,1.0,-2.0,-1.0,-2.0,2.0,-1.0,2.9224799208049292,3.3157361877424787,2
1789970472,2.0,-1.0,-1.0,0.0,2.0,2.0,2.0,2.0,2.0,2.0,2.0,-0.03768536638358712,-0.8733070158171179,1
1662491003,-2.0,1.0,0.0,2.0,1.0,1.0,0.0,-1.0,2.0,2.0,-2.0,2.124433655424375,1.624676046293915,2
1773309681,2.0,2.0,2.0,1.0,2.0,2.0,2.0,2.0,2.0,1.0,2.0,-3.1456702090683755,0.08508100266677254,1
1298208211,1.0,2.0,1.0,1.0,1.0,2.0,0.0,2.0,2.0,2.0,2.0,-1.8072112840241625,0.0915625363500121,1
882977017,1.0,2.0,-1.0,2.0,1.0,1.0,2.0,2.0,1.0,-1.0,-2.0,0.10394874913432772,1.6443303181560156,2
855012702,1.0,2.0,2.0,-1.0,1.0,2.0,-1.0,2.0,2.0,1.0,1.0,-1.6739810783258078,1.8785000479426646,1
288371647,1.0,0.0,-1.0,2.0,2.0,2.0,2.0,2.0,2.0,2.0,1.0,-0.08839563321263323,-1.2919853864457331,1
672313296,1.0,2.0,1.0,-1.0,1.0,2.0,2.0,2.0,2.0,2.0,2.0,-2.0438820384238667,0.11819974666961608,1
744326183,2.0,2.0,2.0,2.0,2.0,2.0,2.0,2.0,2.0,2.0,2.0,-3.39164652918501,-0.48687836131017587,1
622609165,2.0,2.0,2.0,0.0,1.0,1.0,-1.0,1.0,2.0,2.0,1.0,-1.9981579248361598,2.312237475055574,1
1458527772,-1.0,-1.0,0.0,2.0,2.0,2.0,2.0,2.0,2.0,2.0,2.0,0.7164414508658716,-2.4749223009367767,0
920877536,-2.0,1.0,1.0,2.0,1.0,2.0,2.0,2.0,2.0,2.0,2.0,-0.31593304496195995,-2.1379820290484326,1
